"Feature_index","HMDB_ID","Metabolite","mz","Priority_score","Status","Module","Anchor","Related_classes","Covaries_with_standard","AVA","qvalue","effect_size","RT","Method"
"829","","",795.699,1,"depleted in IBD",16,"5alpha-Cholestanol","Steroids and steroid derivatives","1",40.4382,3.47689090224283e-07,12.4852,7.49,"C8-pos"
"380","","",401.378,0.9988,"depleted in IBD",16,"5alpha-Cholestanol","Steroids and steroid derivatives","1",2.9028,3.47689090224283e-07,10.3464,7.5,"C8-pos"
"257","","",773.7169,0.9977,"depleted in IBD",16,"5alpha-Cholestanol","Steroids and steroid derivatives","1",15.7132,8.79853106959839e-07,11.5196,7.5,"C8-pos"
"197","","",441.3705,0.9965,"depleted in IBD",16,"5alpha-Cholestanol","Steroids and steroid derivatives","1",1.2267,3.47689090224283e-07,9.351,7.5,"C8-pos"
"93","","",401.3779,0.9954,"depleted in IBD",16,"5alpha-Cholestanol","Steroids and steroid derivatives","1",1.1977,4.32789652942172e-07,9.5287,8.58,"C8-pos"
"623","","",427.3549,0.9942,"depleted in IBD",16,"5alpha-Cholestanol","Steroids and steroid derivatives","1",2.4931,8.7755193308939e-07,9.0981,7.5,"C8-pos"
"15","","",371.3583,0.9931,"depleted in IBD",16,"5alpha-Cholestanol","Steroids and steroid derivatives","1",0.9775,5.0047257375422e-07,9.3572,7.5,"C8-pos"
"875","HMDB0000908","5alpha-Cholestanol",371.3656,0.9919,"depleted in IBD",16,"5alpha-Cholestanol","Steroids and steroid derivatives","1",1,3.09981456651594e-06,8.3768,1.69,"HILIC-pos"
"420","","",389.3688,0.9908,"depleted in IBD",16,"5alpha-Cholestanol","Steroids and steroid derivatives","1",1.569,7.19582524474529e-06,7.3144,7.5,"C8-pos"
"710","","",851.7614,0.9896,"depleted in IBD",9,"","","0",0.5514,8.7755193308939e-07,11.2965,8.02,"C8-pos"
"394","","",404.3889,0.9885,"depleted in IBD",16,"5alpha-Cholestanol","Steroids and steroid derivatives","1",11.1613,0.000122289579678283,7.7957,7.5,"C8-pos"
"806","","",243.2107,0.9873,"depleted in IBD",16,"5alpha-Cholestanol","Steroids and steroid derivatives","1",0.5184,5.65927947106562e-07,9.0136,7.5,"C8-pos"
"330","","",425.3181,0.9862,"depleted in IBD",16,"5alpha-Cholestanol","Steroids and steroid derivatives","1",0.5718,8.79853106959839e-07,8.2735,7.49,"C8-pos"
"381","","",369.3517,0.985,"depleted in IBD",16,"5alpha-Cholestanol","Steroids and steroid derivatives","1",24.9208,1.35413294278085e-05,5.6839,7.5,"C8-pos"
"479","","",409.3442,0.9839,"depleted in IBD",16,"5alpha-Cholestanol","Steroids and steroid derivatives","1",74.9293,1.03820147089915e-06,4.8544,7.5,"C8-pos"
"559","HMDB0013325","C10:2 carnitine",312.2157,0.9827,"enriched in IBD",0,"","","0",1,0.000149997454908073,6.8959,7.26,"HILIC-pos"
"477","","",387.3621,0.9816,"depleted in IBD",16,"5alpha-Cholestanol","Steroids and steroid derivatives","1",43.3955,0.000205718652974122,5.6581,7.5,"C8-pos"
"803","","",252.5724,0.9804,"enriched in IBD",26,"tauroursodeoxycholic acid","Steroids and steroid derivatives","1",0.8298,0.000254398508632023,7.9845,6.93,"HILIC-neg"
"773","","",287.6116,0.9793,"enriched in IBD",12,"","","0",0.3692,6.47966453206923e-06,9.3449,6.87,"HILIC-neg"
"737","","",446.3995,0.9781,"depleted in IBD",16,"5alpha-Cholestanol","Steroids and steroid derivatives","1",0.3864,2.1512718701098e-06,8.2038,7.49,"C8-pos"
"548","HMDB0000921","cholestenone",791.6675,0.977,"depleted in IBD",7,"cholestenone","Steroids and steroid derivatives","1",0.6049,0.000163616666857388,7.9644,7,"C8-pos"
"1","HMDB0000874","tauroursodeoxycholic acid",498.2898,0.9758,"enriched in IBD",26,"tauroursodeoxycholic acid","Steroids and steroid derivatives","1",1,0.000241441193068274,5.7719,7.26,"C18-neg"
"550","","",418.4046,0.9747,"depleted in IBD",16,"5alpha-Cholestanol","Steroids and steroid derivatives","1",0.2388,1.03820147089915e-06,8.1188,7.5,"C8-pos"
"671","","",329.1756,0.9735,"depleted in IBD",11,"carnosol","Prenol lipids","1",15.5505,0.00372642569730537,7.0985,1.68,"HILIC-neg"
"798","","",294.6192,0.9724,"enriched in IBD",26,"tauroursodeoxycholic acid","Steroids and steroid derivatives","1",1.9748,0.00239319329037071,6.5317,6.67,"HILIC-neg"
"150","","",345.1704,0.9712,"depleted in IBD",11,"carnosol","Prenol lipids","1",1.2928,0.00202101100639083,6.46,4.23,"HILIC-neg"
"110","","",414.358,0.9701,"enriched in IBD",0,"","","0",1,3.77093081724217e-05,4.8296,4.66,"C8-pos"
"283","HMDB0000921","cholestenone",769.6855,0.9689,"depleted in IBD",7,"cholestenone","Steroids and steroid derivatives","1",0.1946,7.11026393053753e-06,9.4208,7,"C8-pos"
"307","HMDB0002121","carnosol",329.1756,0.9678,"depleted in IBD",11,"carnosol","Prenol lipids","1",1,0.00104094741048206,5.5538,10.79,"C18-neg"
"644","","",411.3509,0.9666,"depleted in IBD",16,"5alpha-Cholestanol","Steroids and steroid derivatives","1",2.8053,0.000378004075005711,4.4868,7.5,"C8-pos"
"264","","",411.3623,0.9655,"depleted in IBD",17,"","","0",0.2929,5.86141290475553e-05,6.753,10.12,"C8-pos"
"859","","",325.1412,0.9643,"depleted in IBD",28,"","","0",0.1308,5.47004185861509e-08,9.1077,2.76,"C8-pos"
"664","","",217.1952,0.9632,"depleted in IBD",16,"5alpha-Cholestanol","Steroids and steroid derivatives","1",0.1418,3.62346906385593e-07,7.9559,7.5,"C8-pos"
"800","","",928.683,0.962,"depleted in IBD",17,"","","0",0.2668,0.000122289579678283,6.6866,10.13,"C8-pos"
"178","","",397.383,0.9609,"depleted in IBD",9,"","","0",0.1722,1.85532040260925e-05,8.6393,8.02,"C8-pos"
"481","","",345.1704,0.9597,"depleted in IBD",11,"carnosol","Prenol lipids","1",5.5624,0.00874198844748742,6.2214,1.67,"HILIC-neg"
"794","","",437.3756,0.9586,"depleted in IBD",9,"","","0",1,0.000163616666857388,4.237,8.02,"C8-pos"
"260","","",271.0038,0.9574,"enriched in IBD",21,"taurine","Organic sulfonic acids and derivatives","1",0.1495,1.91069314129478e-05,9.6123,3.71,"HILIC-neg"
"554","","",252.5723,0.9563,"enriched in IBD",26,"tauroursodeoxycholic acid","Steroids and steroid derivatives","1",0.2134,0.000132190576401301,6.8941,5.78,"C18-neg"
"507","","",623.5015,0.9551,"depleted in IBD",17,"","","0",0.7494,0.00369859455029388,6.196,8.66,"C8-pos"
"345","","",361.2018,0.954,"depleted in IBD",11,"carnosol","Prenol lipids","1",0.8071,0.00415299665661071,5.4986,3.58,"HILIC-neg"
"439","","",556.3306,0.9528,"enriched in IBD",23,"","","0",0.4454,0.000132190576401301,4.5323,8.77,"C18-neg"
"94","","",556.3306,0.9517,"enriched in IBD",23,"","","0",1,0.00297742141296825,4.5034,3.47,"HILIC-neg"
"2","HMDB0000251","taurine",124.0072,0.9505,"enriched in IBD",21,"taurine","Organic sulfonic acids and derivatives","1",1,1.91069314129478e-05,3.5656,3.72,"HILIC-neg"
"108","","",279.614,0.9494,"enriched in IBD",12,"","","0",1,0.013987287220897,6.3566,6.94,"HILIC-neg"
"714","","",319.082,0.9482,"depleted in IBD",15,"","","0",1,0.00196618993438683,4.1553,6.41,"HILIC-neg"
"80","","",432.4203,0.9471,"depleted in IBD",9,"","","0",0.0997,1.61039404246193e-06,9.17,8.01,"C8-pos"
"741","","",572.3387,0.9459,"depleted in IBD",17,"","","0",0.1054,8.79853106959839e-07,7.566,3.71,"C8-pos"
"489","","",359.2558,0.9448,"depleted in IBD",17,"","","0",0.1163,1.23113809825574e-05,7.2554,3.71,"C8-pos"
"331","","",423.36,0.9436,"depleted in IBD",9,"","","0",0.3604,0.000991393407021997,4.6374,7.75,"C8-pos"
"281","","",362.237,0.9425,"enriched in IBD",14,"","","0",0.1183,1.52057129905633e-06,5.7669,13.17,"C18-neg"
"174","","",329.1756,0.9413,"depleted in IBD",11,"carnosol","Prenol lipids","1",31.9902,0.0309443946766554,6.6436,3.04,"HILIC-neg"
"691","","",821.7145,0.9402,"depleted in IBD",7,"cholestenone","Steroids and steroid derivatives","1",0.0894,1.35295570831301e-05,9.2436,7.51,"C8-pos"
"129","","",715.5994,0.939,"depleted in IBD",17,"","","0",1,0.00936561965973585,4.4484,10.12,"C8-pos"
"847","","",556.3308,0.9379,"enriched in IBD",23,"","","0",0.2481,2.61430844145468e-05,4.146,8.66,"C18-neg"
"391","","",345.2069,0.9367,"depleted in IBD",11,"carnosol","Prenol lipids","1",0.8476,0.00779402690926328,4.4997,12.61,"C18-neg"
"27","","",261.0767,0.9356,"depleted in IBD",5,"","","0",0.427,0.00770567224333581,5.1035,5.52,"C18-neg"
"333","","",710.6427,0.9344,"depleted in IBD",17,"","","0",0.9553,0.00897485118018512,4.499,10.13,"C8-pos"
"153","","",415.3935,0.9333,"depleted in IBD",9,"","","0",0.3889,0.00630310525225135,4.9897,8.01,"C8-pos"
"22","","",295.1208,0.9321,"enriched in IBD",26,"tauroursodeoxycholic acid","Steroids and steroid derivatives","1",0.1391,0.000274942208827439,5.7544,9.66,"C18-neg"
"195","","",327.1689,0.931,"depleted in IBD",0,"","","0",1,0.00436911669836619,3.7848,6.31,"HILIC-pos"
"727","","",266.6062,0.9298,"enriched in IBD",23,"","","0",0.0856,0.000121058509868857,8.7419,6.89,"HILIC-neg"
"539","","",329.103,0.9287,"depleted in IBD",1,"","","0",0.0717,1.40851781734172e-05,7.5754,3.34,"C18-neg"
"700","","",353.1725,0.9275,"depleted in IBD",11,"carnosol","Prenol lipids","1",0.2758,0.0074165894505943,4.8305,3.88,"C8-pos"
"670","","",362.2369,0.9264,"enriched in IBD",14,"","","0",0.3137,0.00724633979318718,4.4753,2.92,"HILIC-neg"
"445","","",343.0819,0.9252,"depleted in IBD",1,"","","0",0.099,0.00066414746956423,6.6108,11.12,"HILIC-neg"
"858","","",566.2555,0.9241,"depleted in IBD",11,"carnosol","Prenol lipids","1",0.1954,0.00637303794821807,4.9118,3.88,"C8-pos"
"3","HMDB0000251","taurine",126.0218,0.9229,"enriched in IBD",21,"taurine","Organic sulfonic acids and derivatives","1",0.2122,4.0597224135792e-05,3.5874,6.1,"HILIC-pos"
"231","","",388.2525,0.9217,"enriched in IBD",14,"","","0",0.4839,0.00521874841033031,3.8007,2.89,"HILIC-neg"
"194","","",435.3599,0.9206,"depleted in IBD",9,"","","0",0.1586,0.00436911669836619,4.7466,7.82,"C8-pos"
"4","HMDB0000921","cholestenone",385.3465,0.9194,"depleted in IBD",7,"cholestenone","Steroids and steroid derivatives","1",1,5.79092910247122e-06,2.8048,7,"C8-pos"
"657","","",713.5842,0.9183,"depleted in IBD",17,"","","0",0.3354,0.0113801436993182,4.4704,9.8,"C8-pos"
"203","","",673.5376,0.9171,"depleted in IBD",0,"","","0",1,0.0403483548841665,5.2576,1.61,"HILIC-pos"
"293","","",343.1549,0.916,"depleted in IBD",11,"carnosol","Prenol lipids","1",0.464,0.0139268607287863,4.1754,10.34,"C18-neg"
"234","","",386.2369,0.9148,"enriched in IBD",14,"","","0",0.0691,1.71035280312106e-05,5.0444,12.28,"C18-neg"
"430","","",708.628,0.9137,"depleted in IBD",17,"","","0",0.1218,0.00304316830295694,4.8726,9.79,"C8-pos"
"814","","",327.0874,0.9125,"depleted in IBD",1,"","","0",0.121,0.00587732355101987,5.252,4.3,"C18-neg"
"696","","",383.3674,0.9114,"depleted in IBD",9,"","","0",0.0451,8.79853106959839e-07,8.9282,7.74,"C8-pos"
"648","","",206.0451,0.9102,"enriched in IBD",14,"","","0",0.19,0.00131546020599756,3.6658,6.31,"HILIC-pos"
"139","","",453.2621,0.9091,"depleted in IBD",20,"","","0",0.3946,0.00290728723638058,3.385,12.32,"C18-neg"
"277","","",499.3427,0.9079,"depleted in IBD",11,"carnosol","Prenol lipids","1",0.0882,0.00103503825027119,4.8932,13.28,"C18-neg"
"725","","",331.1906,0.9068,"depleted in IBD",11,"carnosol","Prenol lipids","1",0.2428,0.00846688587220936,3.866,3.88,"C8-pos"
"516","","",208.9848,0.9056,"enriched in IBD",21,"taurine","Organic sulfonic acids and derivatives","1",0.059,0.00045681053478235,6.4718,3.74,"HILIC-neg"
"435","","",124.9913,0.9045,"enriched in IBD",14,"","","0",0.5516,0.0276578444186927,4.0241,3.84,"HILIC-neg"
"676","","",206.0102,0.9033,"enriched in IBD",21,"taurine","Organic sulfonic acids and derivatives","1",0.0531,0.000337890393097239,6.8992,3.7,"HILIC-neg"
"663","","",650.458,0.9022,"depleted in IBD",9,"","","0",0.0588,0.000514999616623541,5.7937,8.03,"C8-pos"
"478","","",274.1063,0.901,"depleted in IBD",5,"","","0",0.8688,0.0366650323971821,4.0472,7.54,"HILIC-pos"
"720","","",180.0335,0.8999,"enriched in IBD",14,"","","0",0.4527,0.00897485118018512,3.3849,3.47,"HILIC-neg"
"123","","",747.6262,0.8987,"depleted in IBD",17,"","","0",0.0657,0.000904130345553025,4.9183,9.71,"C8-pos"
"98","","",253.074,0.8976,"enriched in IBD",26,"tauroursodeoxycholic acid","Steroids and steroid derivatives","1",0.0571,0.000268343075813431,4.9663,5.79,"C18-neg"
"113","","",321.0848,0.8964,"enriched in IBD",14,"","","0",0.1407,0.0110793573954631,4.3462,3.67,"HILIC-neg"
"532","","",251.0356,0.8953,"enriched in IBD",21,"taurine","Organic sulfonic acids and derivatives","1",0.0451,0.000337890393097239,7.6933,6.1,"HILIC-pos"
"734","","",385.3448,0.8941,"depleted in IBD",7,"cholestenone","Steroids and steroid derivatives","1",0.5403,2.03129519937632e-05,2.4971,1.67,"HILIC-pos"
"233","","",573.4121,0.893,"depleted in IBD",9,"","","0",0.0567,7.12678525853372e-06,4.2106,6.45,"C8-pos"
"831","","",401.378,0.8918,"depleted in IBD",9,"","","0",0.1067,0.00958321700350667,4.5509,7.75,"C8-pos"
"584","","",455.3862,0.8907,"depleted in IBD",9,"","","0",0.0301,2.83262692137445e-07,9.8434,8.02,"C8-pos"
"344","","",429.4093,0.8895,"depleted in IBD",9,"","","0",0.0318,8.79853106959839e-07,9.1481,8.02,"C8-pos"
"495","","",184.0633,0.8884,"enriched in IBD",14,"","","0",0.1196,0.00174820502610146,3.6339,6.3,"HILIC-pos"
"69","","",376.2467,0.8872,"depleted in IBD",11,"carnosol","Prenol lipids","1",1.2307,0.0480309812647478,4.0738,1.66,"HILIC-pos"
"649","","",435.3599,0.8861,"depleted in IBD",9,"","","0",0.2031,0.00115783588706617,3.1217,7.63,"C8-pos"
"250","","",300.6375,0.8849,"enriched in IBD",23,"","","0",0.0424,0.000446464843838396,7.2268,6.72,"HILIC-neg"
"45","","",126.003,0.8838,"enriched in IBD",21,"taurine","Organic sulfonic acids and derivatives","1",0.0483,0.000166627451915729,5.0762,3.71,"HILIC-neg"
"421","","",705.5796,0.8826,"depleted in IBD",17,"","","0",0.0555,0.00101150335214631,4.9451,9.59,"C8-pos"
"372","","",222.0919,0.8815,"depleted in IBD",11,"carnosol","Prenol lipids","1",0.3465,0.0187800909644613,3.4974,1.19,"HILIC-neg"
"294","","",325.0068,0.8803,"depleted in IBD",16,"5alpha-Cholestanol","Steroids and steroid derivatives","1",1.042,0.0553919627111627,4.4177,4.54,"HILIC-neg"
"7","","",651.5886,0.8792,"depleted in IBD",24,"","","0",0.0464,0.000389653769092395,5.1084,9.98,"C8-pos"
"5","HMDB0000921","cholestenone",407.3285,0.878,"depleted in IBD",7,"cholestenone","Steroids and steroid derivatives","1",0.4564,8.62563440885242e-06,2.2933,7,"C8-pos"
"783","","",301.6272,0.8769,"enriched in IBD",26,"tauroursodeoxycholic acid","Steroids and steroid derivatives","1",0.1703,0.0366650323971821,4.3914,6.69,"HILIC-neg"
"375","","",540.336,0.8757,"enriched in IBD",23,"","","0",0.0483,0.00130091854865955,4.9561,9.92,"C18-neg"
"846","","",345.1706,0.8746,"depleted in IBD",11,"carnosol","Prenol lipids","1",0.1096,0.0142241658959815,4.1548,8.99,"C18-neg"
"724","","",485.2726,0.8734,"enriched in IBD",12,"","","0",0.0602,0.00147691153170814,4.1498,18.94,"C18-neg"
"851","","",243.1598,0.8723,"depleted in IBD",3,"","","0",0.025,8.7755193308939e-07,8.7803,3.89,"HILIC-neg"
"681","","",279.614,0.8711,"enriched in IBD",12,"","","0",0.1575,0.0378408399010388,4.3894,7.43,"C18-neg"
"112","","",246.0076,0.87,"enriched in IBD",26,"tauroursodeoxycholic acid","Steroids and steroid derivatives","1",0.1789,0.0312931736816347,3.8474,3.63,"HILIC-neg"
"286","","",621.486,0.8688,"depleted in IBD",17,"","","0",0.6141,0.049095343581855,3.9209,8.34,"C8-pos"
"369","","",418.4046,0.8677,"depleted in IBD",9,"","","0",0.0233,8.7755193308939e-07,8.9777,7.75,"C8-pos"
"189","","",636.4423,0.8665,"depleted in IBD",9,"","","0",0.0224,8.7755193308939e-07,9.1722,7.76,"C8-pos"
"779","","",125.0105,0.8654,"enriched in IBD",21,"taurine","Organic sulfonic acids and derivatives","1",0.0277,0.000317073983458352,7.5302,3.71,"HILIC-neg"
"220","","",620.411,0.8642,"depleted in IBD",7,"cholestenone","Steroids and steroid derivatives","1",0.1754,1.35295570831301e-05,2.3143,6.99,"C8-pos"
"235","","",294.6192,0.8631,"enriched in IBD",26,"tauroursodeoxycholic acid","Steroids and steroid derivatives","1",0.1181,0.0312931736816347,4.0767,9.78,"C18-neg"
"627","","",124.9901,0.8619,"enriched in IBD",14,"","","0",0.1098,0.0237568243150451,3.7153,0.74,"C18-neg"
"506","","",294.6192,0.8608,"enriched in IBD",26,"tauroursodeoxycholic acid","Steroids and steroid derivatives","1",0.041,0.00290728723638058,4.8057,9.98,"C18-neg"
"877","","",345.1706,0.8596,"depleted in IBD",11,"carnosol","Prenol lipids","1",0.2904,0.0405342454020064,3.5006,8.52,"C18-neg"
"290","","",453.2622,0.8585,"depleted in IBD",20,"","","0",0.0982,0.00172806158451173,3.1479,12.7,"C18-neg"
"824","","",230.1167,0.8573,"depleted in IBD",5,"","","0",1,0.0392342275669102,2.8642,6.48,"HILIC-pos"
"242","","",404.2471,0.8562,"enriched in IBD",23,"","","0",0.0301,0.00123571568361245,5.7641,3.02,"HILIC-neg"
"575","","",679.6016,0.855,"depleted in IBD",24,"","","0",0.0771,0.0238150424591833,3.836,10.35,"C8-pos"
"528","","",622.4267,0.8539,"depleted in IBD",7,"cholestenone","Steroids and steroid derivatives","1",0.0217,1.59947590937042e-05,7.0979,7.47,"C8-pos"
"183","","",618.5449,0.8527,"depleted in IBD",17,"","","0",0.4421,0.0157550729167702,2.4848,8.74,"C8-pos"
"398","","",208.0961,0.8516,"depleted in IBD",5,"","","0",0.0561,0.00620007168811692,3.5013,8.06,"HILIC-pos"
"484","","",194.1169,0.8504,"depleted in IBD",1,"","","0",0.0654,0.0174539544736676,3.62,8.17,"HILIC-pos"
"162","","",295.1207,0.8493,"enriched in IBD",26,"tauroursodeoxycholic acid","Steroids and steroid derivatives","1",0.4718,0.0413237994807567,2.9787,6.67,"HILIC-neg"
"309","","",124.006,0.8481,"enriched in IBD",21,"taurine","Organic sulfonic acids and derivatives","1",0.1006,0.042449045517957,4.2393,0.75,"C18-neg"
"382","","",238.1064,0.847,"depleted in IBD",5,"","","0",0.127,0.0408095352636552,3.579,8.55,"HILIC-pos"
"533","","",469.4021,0.8458,"depleted in IBD",9,"","","0",0.0166,1.68895536659327e-07,9.5606,8.02,"C8-pos"
"215","","",648.4421,0.8446,"depleted in IBD",9,"","","0",0.0185,1.05529784056475e-05,7.7648,7.83,"C8-pos"
"463","","",455.275,0.8435,"depleted in IBD",20,"","","0",0.0817,0.035146507693535,3.6492,5.26,"HILIC-pos"
"715","","",232.0959,0.8423,"depleted in IBD",5,"","","0",0.1029,0.0251979040130564,3.2011,6.9,"HILIC-pos"
"587","","",417.4003,0.8412,"depleted in IBD",9,"","","0",0.016,1.68895536659327e-07,9.5424,8.02,"C8-pos"
"882","","",496.3137,0.84,"depleted in IBD",20,"","","0",0.4879,0.0699260601023568,3.6099,3.13,"HILIC-neg"
"19","","",285.186,0.8389,"depleted in IBD",11,"carnosol","Prenol lipids","1",0.0415,0.0177865275551971,4.3144,10.79,"C18-neg"
"241","","",357.1794,0.8377,"depleted in IBD",5,"","","0",0.0629,0.011689848945208,3.3008,6.54,"HILIC-pos"
"678","","",166.0177,0.8366,"enriched in IBD",14,"","","0",0.7789,0.0015375023607843,1.7264,3.6,"HILIC-neg"
"138","","",786.4944,0.8354,"depleted in IBD",9,"","","0",0.0203,0.00066414746956423,6.4577,6.46,"C8-pos"
"406","","",441.2594,0.8343,"depleted in IBD",20,"","","0",0.0254,0.00272398409431992,4.5373,5.28,"HILIC-pos"
"684","","",380.2419,0.8331,"depleted in IBD",11,"carnosol","Prenol lipids","1",0.0295,0.00683865495596231,4.4819,1.8,"HILIC-pos"
"253","","",761.6033,0.832,"depleted in IBD",6,"","","0",0.0739,0.0550124591575301,4.58,6.15,"C8-pos"
"131","","",308.635,0.8308,"enriched in IBD",23,"","","0",0.0208,0.00202101100639083,6.1405,6.71,"HILIC-neg"
"770","","",259.0609,0.8297,"depleted in IBD",5,"","","0",0.4263,0.0757364636914186,3.5486,6.66,"HILIC-neg"
"519","","",361.2019,0.8285,"depleted in IBD",11,"carnosol","Prenol lipids","1",0.7084,0.0893767347770685,3.6936,3.77,"HILIC-neg"
"350","","",603.5325,0.8274,"depleted in IBD",17,"","","0",0.0802,0.0378408399010388,3.3373,9.02,"C8-pos"
"449","","",629.4934,0.8262,"depleted in IBD",3,"","","0",0.1607,0.0448326957327209,2.9956,10.05,"C8-pos"
"67","","",406.263,0.8251,"enriched in IBD",14,"","","0",0.1754,0.0308193413119373,2.4454,10.61,"C18-neg"
"90","","",141.9987,0.8239,"enriched in IBD",14,"","","0",0.0171,9.46538036971816e-05,4.9819,4.06,"HILIC-pos"
"20","","",567.4564,0.8228,"depleted in IBD",3,"","","0",1,0.0177082597523334,1.7136,10.06,"C8-pos"
"574","","",194.0501,0.8216,"enriched in IBD",14,"","","0",0.1018,0.0276578444186927,2.6717,3.41,"HILIC-neg"
"236","","",621.4646,0.8205,"depleted in IBD",3,"","","0",0.4127,0.0282551330337712,1.9884,10.06,"C8-pos"
"887","","",399.3967,0.8193,"depleted in IBD",16,"5alpha-Cholestanol","Steroids and steroid derivatives","1",0.1521,0.0756568248158119,3.8025,1.7,"HILIC-pos"
"753","","",439.2463,0.8182,"depleted in IBD",20,"","","0",0.1541,0.0212862187442527,2.2091,11.67,"C18-neg"
"665","","",540.3356,0.817,"enriched in IBD",23,"","","0",0.0161,0.000940120225927759,6.2116,9.71,"C18-neg"
"505","","",834.5471,0.8159,"depleted in IBD",3,"","","0",0.0391,0.0103310443422869,3.1585,10.06,"C8-pos"
"77","","",222.1117,0.8147,"depleted in IBD",5,"","","0",0.0722,0.0449011941803882,3.2952,8.66,"HILIC-pos"
"504","","",337.121,0.8136,"depleted in IBD",28,"","","0",0.012,5.47004185861509e-08,6.7676,3.75,"C18-neg"
"618","","",453.3371,0.8124,"depleted in IBD",11,"carnosol","Prenol lipids","1",0.0946,0.0486079231219242,3.1578,13.28,"C18-neg"
"311","","",624.3181,0.8113,"enriched in IBD",23,"","","0",0.0183,0.00532623715768619,4.9631,8.66,"C18-neg"
"564","","",535.4304,0.8101,"depleted in IBD",3,"","","0",0.0602,0.0153895743483232,2.597,10.06,"C8-pos"
"169","","",683.5013,0.809,"depleted in IBD",3,"","","0",0.1019,0.0399564872808789,2.7174,9.96,"C8-pos"
"838","","",167.0824,0.8078,"depleted in IBD",28,"","","0",1,0.0886324463821358,2.8528,2.2,"HILIC-neg"
"159","","",509.3219,0.8067,"depleted in IBD",20,"","","0",0.0223,0.0159800490413317,4.4723,5.16,"HILIC-pos"
"85","","",619.4911,0.8055,"depleted in IBD",4,"","","0",0.0485,0.0640919385142911,4.6243,4.45,"C8-pos"
"638","","",238.1065,0.8044,"depleted in IBD",5,"","","0",0.0279,0.0165342917395929,3.5479,9.02,"HILIC-pos"
"689","","",562.535,0.8032,"depleted in IBD",3,"","","0",0.155,0.0589564044765237,2.8039,10.3,"C8-pos"
"141","","",729.5785,0.8021,"depleted in IBD",17,"","","0",0.1887,0.0825787678313346,3.3246,9.36,"C8-pos"
"721","","",653.5636,0.8009,"depleted in IBD",3,"","","0",0.0328,0.00729320475388005,2.8857,10.15,"C8-pos"
"212","","",429.1585,0.7998,"depleted in IBD",5,"","","0",0.1373,0.0694918026808269,3.0203,6.51,"C18-neg"
"415","","",218.1168,0.7986,"depleted in IBD",5,"","","0",0.0493,0.0479698766793275,3.3215,7.62,"HILIC-pos"
"837","","",387.353,0.7975,"depleted in IBD",7,"cholestenone","Steroids and steroid derivatives","1",0.0383,0.000601255128133407,2.2507,7,"C8-pos"
"786","","",220.096,0.7963,"depleted in IBD",5,"","","0",0.1109,0.063774756297238,3.0068,8.9,"HILIC-pos"
"756","","",272.0906,0.7952,"depleted in IBD",5,"","","0",0.03,0.0271874168543687,3.3968,4.49,"HILIC-pos"
"825","","",234.1481,0.794,"depleted in IBD",5,"","","0",0.0178,0.00115859053113765,3.6688,7.09,"HILIC-pos"
"509","","",430.4045,0.7929,"depleted in IBD",9,"","","0",0.0102,9.84681624249992e-07,7.6256,7.63,"C8-pos"
"591","","",441.3706,0.7917,"depleted in IBD",9,"","","0",0.0103,6.11433137241623e-06,7.6771,7.75,"C8-pos"
"34","","",409.3351,0.7906,"depleted in IBD",7,"cholestenone","Steroids and steroid derivatives","1",0.0154,0.0011518284222972,4.1936,7,"C8-pos"
"709","","",641.473,0.7894,"depleted in IBD",4,"","","0",0.016,0.0133364994254805,5.168,4.45,"C8-pos"
"765","","",194.049,0.7883,"enriched in IBD",14,"","","0",0.8077,0.0756568248158119,2.2861,3.38,"HILIC-neg"
"490","","",229.1209,0.7871,"enriched in IBD",14,"","","0",0.0105,1.44986745433612e-05,6.1584,6.3,"HILIC-pos"
"72","","",536.438,0.786,"depleted in IBD",3,"","","0",0.3912,0.0237778162725559,1.4372,10.06,"C8-pos"
"743","","",387.3515,0.7848,"depleted in IBD",7,"cholestenone","Steroids and steroid derivatives","1",0.0177,0.00173809253868056,3.5096,1.67,"HILIC-pos"
"751","","",416.389,0.7837,"depleted in IBD",7,"cholestenone","Steroids and steroid derivatives","1",0.0111,0.000263343462579749,5.6893,6.99,"C8-pos"
"188","","",587.3439,0.7825,"depleted in IBD",22,"","","0",0.0677,0.0653432481730716,3.1605,1.17,"HILIC-neg"
"160","","",599.4823,0.7814,"depleted in IBD",3,"","","0",0.1215,0.0480200738029468,2.1583,9.96,"C8-pos"
"403","","",311.1839,0.7802,"depleted in IBD",24,"","","0",0.0124,9.46538036971816e-05,3.9474,10.92,"C18-neg"
"321","","",442.1903,0.7791,"enriched in IBD",23,"","","0",0.0638,0.0793743469942029,3.5296,3.1,"HILIC-neg"
"500","","",553.4412,0.7779,"depleted in IBD",3,"","","0",0.0139,0.00360005880446349,4.4005,10.06,"C8-pos"
"620","","",597.4672,0.7768,"depleted in IBD",3,"","","0",0.0205,0.0211998026051579,3.4894,10.06,"C8-pos"
"739","","",567.5108,0.7756,"depleted in IBD",3,"","","0",0.0321,0.0406058229351055,3.1923,10.38,"C8-pos"
"119","","",337.1416,0.7745,"depleted in IBD",9,"","","0",0.0118,0.00478114466467772,5.1773,4.09,"HILIC-neg"
"120","","",401.1813,0.7733,"enriched in IBD",15,"","","0",0.0183,0.00515954893252957,3.2853,6.71,"HILIC-neg"
"249","","",679.6198,0.7722,"depleted in IBD",24,"","","0",0.0463,0.0597756273204089,3.1838,10.39,"C8-pos"
"467","","",178.122,0.771,"depleted in IBD",5,"","","0",0.0723,0.0635024375900376,2.7305,6.98,"HILIC-pos"
"661","","",287.2006,0.7699,"depleted in IBD",11,"carnosol","Prenol lipids","1",0.0149,0.00250134933191287,3.6199,4.4,"C8-pos"
"552","","",423.3025,0.7687,"depleted in IBD",7,"cholestenone","Steroids and steroid derivatives","1",0.0124,0.00290728723638058,4.1973,6.99,"C8-pos"
"127","","",343.1547,0.7675,"depleted in IBD",11,"carnosol","Prenol lipids","1",4.7627,0.149590021663164,3.9213,3.21,"HILIC-neg"
"527","","",562.5552,0.7664,"depleted in IBD",3,"","","0",0.0214,0.0283262365860109,3.3544,10.38,"C8-pos"
"306","","",625.496,0.7652,"depleted in IBD",3,"","","0",0.0109,0.0036919248237495,4.9313,9.87,"C8-pos"
"186","","",297.2434,0.7641,"depleted in IBD",10,"","","0",0.1106,0.00874198844748742,1.3638,13.17,"C18-neg"
"47","","",523.3378,0.7629,"depleted in IBD",6,"","","0",0.0632,0.103722727482274,3.7934,6.15,"C8-pos"
"683","","",413.1639,0.7618,"depleted in IBD",1,"","","0",0.09,0.107532012288906,3.3893,5.23,"C18-neg"
"327","","",166.1221,0.7606,"depleted in IBD",5,"","","0",0.0841,0.0837723397526664,2.9478,7.7,"HILIC-pos"
"408","","",573.3637,0.7595,"depleted in IBD",22,"","","0",0.4798,0.137560961168337,3.2894,1.1,"HILIC-neg"
"595","","",297.2432,0.7583,"depleted in IBD",10,"","","0",1,0.0123407487772691,1.0787,3.2,"HILIC-neg"
"579","","",210.1118,0.7572,"depleted in IBD",25,"","","0",0.0613,0.0779306455802266,3.112,8.6,"HILIC-pos"
"562","","",110.06,0.756,"depleted in IBD",1,"","","0",0.0887,0.0500554461458112,2.0463,7.67,"HILIC-pos"
"699","","",198.127,0.7549,"depleted in IBD",5,"","","0",0.0272,0.0399564872808789,2.9053,6.34,"HILIC-pos"
"482","","",190.122,0.7537,"depleted in IBD",5,"","","0",0.0589,0.0679459879039544,2.8172,7.02,"HILIC-pos"
"801","","",202.1067,0.7526,"depleted in IBD",28,"","","0",0.0121,0.00421209079985944,3.7149,7.48,"HILIC-pos"
"761","","",659.5611,0.7514,"depleted in IBD",3,"","","0",0.0086,1.85532040260925e-05,6.9149,8.41,"C8-pos"
"91","","",207.0485,0.7503,"enriched in IBD",14,"","","0",0.0095,0.000918081309171789,4.7549,6.3,"HILIC-pos"
"33","","",128.0174,0.7491,"enriched in IBD",21,"taurine","Organic sulfonic acids and derivatives","1",0.0088,5.01374952782398e-05,5.1884,6.1,"HILIC-pos"
"570","","",212.1275,0.748,"depleted in IBD",25,"","","0",0.0941,0.10411556513417,3.0029,8.98,"HILIC-pos"
"518","","",431.1744,0.7468,"depleted in IBD",5,"","","0",0.1627,0.119962446526288,2.8421,3.01,"C18-neg"
"190","","",415.3938,0.7457,"depleted in IBD",9,"","","0",0.0079,4.64168272229759e-06,8.0873,7.75,"C8-pos"
"499","","",469.2924,0.7445,"depleted in IBD",20,"","","0",0.0658,0.0954356568820475,3.0929,4.83,"C8-pos"
"578","","",339.08,0.7434,"depleted in IBD",24,"","","0",0.0568,0.0537871752805199,2.1975,4.96,"HILIC-neg"
"730","","",345.2068,0.7422,"depleted in IBD",11,"carnosol","Prenol lipids","1",7.3049,0.173591348976502,3.8929,3.44,"HILIC-neg"
"59","","",442.1903,0.7411,"enriched in IBD",14,"","","0",0.0343,0.0556835739410721,2.8181,6.88,"C18-neg"
"400","","",493.2932,0.7399,"depleted in IBD",20,"","","0",1,0.0779306455802266,1.538,14.47,"C18-neg"
"799","","",565.4755,0.7388,"depleted in IBD",3,"","","0",0.0344,0.0665995380542399,3.1256,10.14,"C8-pos"
"46","","",352.1586,0.7376,"depleted in IBD",25,"","","0",0.0768,0.110019977222091,3.0561,5.62,"HILIC-pos"
"285","","",243.1961,0.7365,"depleted in IBD",24,"","","0",0.1162,1.94419965589255e-06,0.9726,10.93,"C18-neg"
"353","","",495.3088,0.7353,"depleted in IBD",20,"","","0",0.0628,0.124202274168609,3.4552,4.96,"C8-pos"
"71","","",223.0609,0.7342,"depleted in IBD",1,"","","0",0.0487,0.0652719964885996,2.3937,3.79,"HILIC-neg"
"303","","",152.1065,0.733,"depleted in IBD",25,"","","0",0.0543,0.0924829319075717,2.8079,8.01,"HILIC-pos"
"883","","",258.1115,0.7319,"depleted in IBD",5,"","","0",0.0813,0.0860440870644393,2.269,6.28,"HILIC-pos"
"207","","",598.4735,0.7307,"depleted in IBD",3,"","","0",0.0259,0.0482882015158575,2.5797,10.07,"C8-pos"
"614","","",204.1012,0.7296,"depleted in IBD",5,"","","0",0.0255,0.0556026855729759,2.7976,6.6,"HILIC-pos"
"332","","",581.433,0.7284,"depleted in IBD",3,"","","0",0.0274,0.023994611986846,1.9111,1.5,"HILIC-pos"
"582","","",349.2021,0.7273,"depleted in IBD",5,"","","0",0.0333,0.064738139283907,2.5458,5.06,"C18-neg"
"366","","",257.1849,0.7261,"depleted in IBD",5,"","","0",0.0272,0.0652719964885996,2.9551,7.64,"HILIC-pos"
"95","","",581.4701,0.725,"depleted in IBD",3,"","","0",0.0091,0.0119503975280758,4.9709,8.82,"C8-pos"
"117","","",275.0564,0.7238,"depleted in IBD",5,"","","0",0.2064,0.106020815098555,1.9316,6.26,"HILIC-neg"
"845","","",148.0033,0.7227,"enriched in IBD",21,"taurine","Organic sulfonic acids and derivatives","1",0.0092,0.000991273420564166,3.6339,6.1,"HILIC-pos"
"165","","",188.1064,0.7215,"depleted in IBD",5,"","","0",0.5191,0.148872416120692,2.9419,7.86,"HILIC-pos"
"622","","",622.4685,0.7204,"depleted in IBD",3,"","","0",0.009,0.0103336689131011,4.7265,9.57,"C8-pos"
"639","","",553.4402,0.7192,"depleted in IBD",3,"","","0",0.0083,0.00323712108510301,4.7344,9.09,"C8-pos"
"202","","",595.4934,0.7181,"depleted in IBD",10,"","","0",0.0098,0.0255437133499757,4.2895,13.17,"C18-neg"
"81","","",208.0409,0.7169,"enriched in IBD",14,"","","0",0.0075,3.77093081724217e-05,5.5532,6.32,"HILIC-pos"
"630","HMDB0000921","cholestenone",443.3997,0.7158,"depleted in IBD",7,"cholestenone","Steroids and steroid derivatives","1",0.0075,2.26122538660416e-05,4.8409,7,"C8-pos"
"675","","",583.486,0.7146,"depleted in IBD",3,"","","0",0.0562,0.0566336559018467,1.7489,8.97,"C8-pos"
"697","","",648.608,0.7135,"depleted in IBD",3,"","","0",0.0076,0.000711901948792455,5.0778,10.15,"C8-pos"
"654","","",578.5296,0.7123,"depleted in IBD",3,"","","0",0.0147,0.0471706179113053,3.4837,8.98,"C8-pos"
"643","","",192.1013,0.7112,"depleted in IBD",25,"","","0",0.0199,0.0480164141348793,2.7116,7.32,"HILIC-pos"
"325","","",196.1326,0.71,"depleted in IBD",1,"","","0",0.0153,0.0512973387778973,3.5307,8.66,"HILIC-pos"
"413","","",206.1169,0.7089,"depleted in IBD",1,"","","0",0.0153,0.0607326856476558,3.6936,7.84,"HILIC-pos"
"647","","",413.3761,0.7077,"depleted in IBD",7,"cholestenone","Steroids and steroid derivatives","1",0.1671,0.0157603100273904,0.9424,1.67,"HILIC-pos"
"298","","",411.3605,0.7066,"depleted in IBD",7,"cholestenone","Steroids and steroid derivatives","1",0.0778,0.00116147921523126,0.9607,1.67,"HILIC-pos"
"848","","",402.1918,0.7054,"depleted in IBD",11,"carnosol","Prenol lipids","1",0.7256,0.183751984578722,3.3818,8.72,"HILIC-neg"
"759","","",178.122,0.7043,"depleted in IBD",1,"","","0",0.0123,0.0392342275669102,3.2632,8.09,"HILIC-pos"
"862","","",430.4025,0.7031,"depleted in IBD",7,"cholestenone","Steroids and steroid derivatives","1",0.0072,0.000251736629601279,6.5956,1.68,"HILIC-pos"
"226","","",567.4906,0.702,"depleted in IBD",3,"","","0",0.1029,0.132102083660284,2.4509,10.3,"C8-pos"
"487","","",406.2629,0.7008,"enriched in IBD",14,"","","0",0.2049,0.0806307503614236,1.3383,2.99,"HILIC-neg"
"204","","",553.4403,0.6997,"depleted in IBD",3,"","","0",0.0079,0.00958321700350667,4.8394,9.96,"C8-pos"
"365","","",313.2738,0.6985,"depleted in IBD",4,"","","0",0.3242,0.0469879168092625,1.0093,4.45,"C8-pos"
"810","","",441.3717,0.6974,"depleted in IBD",17,"","","0",0.018,0.0727849497868117,3.4146,5.64,"C8-pos"
"633","","",631.4736,0.6962,"depleted in IBD",3,"","","0",0.008,0.0152584493003299,4.7135,9.94,"C8-pos"
"535","","",299.2569,0.6951,"depleted in IBD",4,"","","0",1,0.0500554461458112,0.9021,1.64,"HILIC-pos"
"752","","",275.159,0.6939,"depleted in IBD",28,"","","0",0.0104,0.0324770093352029,3.299,8.36,"HILIC-pos"
"111","","",200.1062,0.6928,"depleted in IBD",5,"","","0",0.0639,0.115174335893522,2.2027,6.57,"HILIC-pos"
"785","","",124.0755,0.6916,"depleted in IBD",1,"","","0",0.0245,0.0478425181083209,1.9085,7.42,"HILIC-pos"
"13","","",497.3238,0.6904,"depleted in IBD",20,"","","0",0.0447,0.142278126130219,3.7049,5.36,"C8-pos"
"48","","",299.2582,0.6893,"depleted in IBD",4,"","","0",0.1628,0.0421701969231738,0.9901,4.45,"C8-pos"
"524","","",208.1325,0.6881,"depleted in IBD",25,"","","0",0.0565,0.131354093190332,2.6594,8.56,"HILIC-pos"
"43","","",637.4386,0.687,"depleted in IBD",3,"","","0",0.0072,0.00189137277768576,4.8327,10.07,"C8-pos"
"440","","",542.1803,0.6858,"enriched in IBD",2,"","","0",0.0528,0.0665995380542399,1.5647,3.47,"C8-pos"
"404","","",607.4978,0.6847,"depleted in IBD",6,"","","0",0.2089,0.0945389992732368,1.2946,6.13,"C8-pos"
"896","","",185.0666,0.6835,"enriched in IBD",14,"","","0",0.0064,2.81028043677962e-05,5.8496,6.3,"HILIC-pos"
"102","","",152.1065,0.6824,"depleted in IBD",1,"","","0",0.0093,0.0356948647582382,3.6664,8.12,"HILIC-pos"
"537","","",178.122,0.6812,"depleted in IBD",5,"","","0",0.0098,0.0247786145588209,3.0709,7.38,"HILIC-pos"
"229","","",567.4907,0.6801,"depleted in IBD",3,"","","0",0.0119,0.0611691243264336,3.521,10.5,"C8-pos"
"355","","",315.6426,0.6789,"enriched in IBD",26,"tauroursodeoxycholic acid","Steroids and steroid derivatives","1",0.1228,0.140831901077431,2.3835,6.51,"HILIC-neg"
"40","","",613.5145,0.6778,"depleted in IBD",6,"","","0",0.277,0.124475416097175,1.43,6.13,"C8-pos"
"271","","",224.1273,0.6766,"depleted in IBD",25,"","","0",0.1223,0.155018667351076,2.6163,8.83,"HILIC-pos"
"157","","",174.0907,0.6755,"depleted in IBD",1,"","","0",0.0667,0.155080681916567,3.1162,6.64,"HILIC-pos"
"158","","",571.4879,0.6743,"depleted in IBD",3,"","","0",0.006,0.000190839157028052,6.2782,9.87,"C8-pos"
"255","","",321.2401,0.6732,"depleted in IBD",4,"","","0",0.1668,0.0486079231219242,0.9119,4.45,"C8-pos"
"669","","",549.307,0.672,"depleted in IBD",22,"","","0",0.0838,0.168624560677236,3.1747,1.13,"HILIC-neg"
"252","","",248.1483,0.6709,"depleted in IBD",28,"","","0",0.0315,0.105807766721165,2.2833,8.43,"HILIC-pos"
"240","","",248.1271,0.6697,"depleted in IBD",25,"","","0",0.0331,0.121034764108086,2.4617,7.73,"HILIC-pos"
"822","","",483.3325,0.6686,"depleted in IBD",24,"","","0",0.1886,0.109774844770933,1.2645,8.84,"C18-neg"
"146","","",581.4696,0.6674,"depleted in IBD",3,"","","0",0.0075,0.0280232296962141,4.5954,9.14,"C8-pos"
"651","","",158.0919,0.6663,"enriched in IBD",15,"","","0",0.0268,0.00231480223649088,1.0586,7.86,"HILIC-pos"
"659","","",167.0479,0.6651,"enriched in IBD",21,"taurine","Organic sulfonic acids and derivatives","1",0.0059,0.000468249873215689,5.3779,6.1,"HILIC-pos"
"156","","",504.3123,0.664,"enriched in IBD",23,"","","0",0.0104,0.063774756297238,3.3492,1.95,"HILIC-pos"
"596","","",228.0513,0.6628,"depleted in IBD",1,"","","0",0.0058,0.000395473406394358,5.9386,4.69,"HILIC-neg"
"702","","",545.5084,0.6617,"depleted in IBD",3,"","","0",0.0471,0.138963357839821,2.5783,10.3,"C8-pos"
"503","","",607.4477,0.6605,"depleted in IBD",3,"","","0",0.0059,0.00111814316376043,5.6666,9.95,"C8-pos"
"193","","",227.059,0.6594,"depleted in IBD",1,"","","0",0.0094,0.0583925191250257,3.4716,7.26,"HILIC-neg"
"262","","",607.449,0.6582,"depleted in IBD",3,"","","0",0.007,0.00979775233792557,3.8752,10.06,"C8-pos"
"879","","",573.4867,0.6571,"depleted in IBD",9,"","","0",0.0215,0.119227876656073,2.7331,8.23,"C8-pos"
"456","","",244.1323,0.6559,"depleted in IBD",1,"","","0",0.0111,0.0710659031823674,3.199,6.44,"HILIC-pos"
"645","","",307.1159,0.6548,"depleted in IBD",5,"","","0",0.0185,0.0929660814250559,2.4759,1.92,"HILIC-pos"
"632","","",365.2304,0.6536,"depleted in IBD",10,"","","0",0.017,0.00729320475388005,1.2396,13.17,"C18-neg"
"100","","",253.2516,0.6525,"depleted in IBD",4,"","","0",0.03,0.0500554461458112,1.2021,1.64,"HILIC-pos"
"772","","",340.0638,0.6513,"enriched in IBD",27,"","","0",0.9067,0.227420012785551,2.8062,6.48,"HILIC-neg"
"558","","",285.1853,0.6502,"depleted in IBD",11,"carnosol","Prenol lipids","1",0.0121,0.0645399669519474,2.293,3.88,"C8-pos"
"834","","",316.2847,0.649,"depleted in IBD",4,"","","0",0.0214,0.0437450271607915,1.2551,4.45,"C8-pos"
"374","","",536.4356,0.6479,"depleted in IBD",3,"","","0",0.9174,0.0500554461458112,0.5928,1.49,"HILIC-pos"
"248","","",166.122,0.6467,"depleted in IBD",1,"","","0",0.0074,0.0392342275669102,3.5676,8.18,"HILIC-pos"
"429","HMDB0000921","cholestenone",425.3392,0.6456,"depleted in IBD",7,"cholestenone","Steroids and steroid derivatives","1",0.005,2.25343438841832e-05,6.907,7,"C8-pos"
"52","","",245.1487,0.6444,"depleted in IBD",28,"","","0",0.0358,0.133885498852624,1.9448,8,"HILIC-pos"
"392","","",535.4278,0.6433,"depleted in IBD",3,"","","0",0.0331,0.0399564872808789,0.9712,1.57,"HILIC-pos"
"599","","",257.8192,0.6421,"depleted in IBD",13,"","","0",0.0194,0.0703436893239694,1.6443,0.63,"C18-neg"
"196","","",551.4254,0.641,"depleted in IBD",3,"","","0",0.0184,0.0851183080259388,1.8682,10.06,"C8-pos"
"606","","",152.0701,0.6398,"depleted in IBD",1,"","","0",0.0109,0.0756568248158119,2.4271,8.77,"HILIC-pos"
"422","","",543.4925,0.6387,"depleted in IBD",9,"","","0",0.0063,0.0343662295056693,4.1543,8.98,"C8-pos"
"142","","",543.4929,0.6375,"depleted in IBD",3,"","","0",0.0195,0.138963357839821,2.8617,10.07,"C8-pos"
"520","","",343.2486,0.6364,"depleted in IBD",10,"","","0",0.0097,0.00919362611364727,1.4427,13.17,"C18-neg"
"442","","",144.1015,0.6352,"depleted in IBD",28,"","","0",0.0148,0.0181077441708947,1.2156,7.57,"HILIC-pos"
"760","","",413.1449,0.6341,"enriched in IBD",12,"","","0",0.1255,0.182130545261682,1.9206,6.98,"HILIC-neg"
"433","","",254.1126,0.6329,"depleted in IBD",15,"","","0",0.0103,0.0405410935495497,1.8386,7.84,"HILIC-pos"
"602","","",588.8969,0.6318,"enriched in IBD",2,"","","0",0.0616,0.0135896837405855,0.6304,15.55,"C18-neg"
"182","","",253.2527,0.6306,"depleted in IBD",4,"","","0",0.018,0.0400202224578393,1.1907,4.45,"C8-pos"
"55","","",319.1911,0.6295,"depleted in IBD",1,"","","0",0.6902,0.254117666783135,3.0324,4.4,"HILIC-neg"
"206","","",398.0316,0.6283,"enriched in IBD",21,"taurine","Organic sulfonic acids and derivatives","1",0.0047,0.000317073983458352,6.4265,6.1,"HILIC-pos"
"833","","",214.079,0.6272,"enriched in IBD",27,"","","0",0.0182,0.0319892358532738,1.0962,1.15,"HILIC-neg"
"640","","",853.704,0.626,"depleted in IBD",7,"cholestenone","Steroids and steroid derivatives","1",0.0045,1.19484711742994e-06,7.9288,7.06,"C8-pos"
"37","","",168.1013,0.6249,"depleted in IBD",1,"","","0",0.0088,0.0780121937083144,3.0637,8.62,"HILIC-pos"
"154","","",290.1224,0.6237,"depleted in IBD",15,"","","0",0.0211,0.11047565704564,1.7003,7.9,"HILIC-pos"
"317","","",285.0469,0.6226,"enriched in IBD",18,"","","0",0.4486,0.0611415290144868,0.5219,15.23,"HILIC-neg"
"624","","",520.9095,0.6214,"enriched in IBD",2,"","","0",0.0795,0.0283262365860109,0.5311,15.55,"C18-neg"
"12","","",297.0624,0.6203,"depleted in IBD",1,"","","0",0.0224,0.15932005364127,2.8419,10.03,"HILIC-neg"
"191","","",599.48,0.6191,"depleted in IBD",9,"","","0",0.0323,0.174232926096135,2.4851,8.91,"C8-pos"
"441","","",399.3605,0.618,"depleted in IBD",7,"cholestenone","Steroids and steroid derivatives","1",0.0379,0.0570684088763976,0.8434,1.67,"HILIC-pos"
"145","","",228.1222,0.6168,"depleted in IBD",1,"","","0",0.0076,0.0392342275669102,2.3491,7.78,"HILIC-pos"
"776","","",184.1075,0.6157,"depleted in IBD",28,"","","0",0.0363,0.138990189595877,1.6798,7.76,"HILIC-pos"
"635","","",331.189,0.6145,"depleted in IBD",11,"carnosol","Prenol lipids","1",1.1714,0.209904706576245,1.5144,1.66,"HILIC-pos"
"279","","",316.2833,0.6133,"depleted in IBD",4,"","","0",0.0783,0.0868287396088185,0.8022,1.64,"HILIC-pos"
"324","","",1077.7253,0.6122,"depleted in IBD",6,"","","0",0.113,0.159921172937253,1.3257,6.12,"C8-pos"
"819","","",214.0818,0.611,"enriched in IBD",13,"","","0",0.4041,0.121078482167018,0.7532,1.13,"HILIC-neg"
"373","","",319.1913,0.6099,"depleted in IBD",1,"","","0",0.0324,0.190266621915556,2.83,6.32,"C18-neg"
"572","","",255.8221,0.6087,"depleted in IBD",13,"","","0",0.0195,0.101992474785361,1.4049,0.63,"C18-neg"
"895","","",413.1639,0.6076,"depleted in IBD",1,"","","0",0.1325,0.211793971990512,2.0277,5.46,"C18-neg"
"272","","",517.2882,0.6064,"depleted in IBD",20,"","","0",0.0244,0.184164427733429,2.9745,5.19,"HILIC-pos"
"278","","",127.025,0.6053,"enriched in IBD",21,"taurine","Organic sulfonic acids and derivatives","1",0.0042,5.01374952782398e-05,6.0843,6.1,"HILIC-pos"
"543","","",238.0701,0.6041,"depleted in IBD",1,"","","0",0.0141,0.070592232708452,1.4275,4.09,"HILIC-pos"
"797","","",536.438,0.603,"depleted in IBD",3,"","","0",0.022,0.140831901077431,1.9611,9.57,"C8-pos"
"396","","",430.4045,0.6018,"depleted in IBD",7,"cholestenone","Steroids and steroid derivatives","1",0.0042,1.50087735481771e-05,6.612,7,"C8-pos"
"646","","",178.122,0.6007,"depleted in IBD",1,"","","0",0.0052,0.005723643423064,3.3423,7.67,"HILIC-pos"
"747","","",583.4647,0.5995,"depleted in IBD",3,"","","0",0.0756,0.205947953537653,2.1389,10.3,"C8-pos"
"305","","",583.4517,0.5984,"depleted in IBD",3,"","","0",0.0255,0.138963357839821,1.6645,10.05,"C8-pos"
"884","","",192.1013,0.5972,"depleted in IBD",5,"","","0",0.0107,0.111091786027424,2.2489,7.45,"HILIC-pos"
"214","","",225.0588,0.5961,"enriched in IBD",13,"","","0",0.0506,0.0515347944854121,0.6586,4.79,"HILIC-neg"
"319","","",204.1013,0.5949,"depleted in IBD",5,"","","0",0.0312,0.154217096486304,1.8144,7.06,"HILIC-pos"
"6","","",261.0614,0.5938,"depleted in IBD",1,"","","0",0.0054,0.0347114302404548,3.6491,7,"HILIC-neg"
"607","","",253.0714,0.5926,"depleted in IBD",1,"","","0",0.0116,0.114711129601251,1.9812,3.19,"HILIC-neg"
"78","","",484.4149,0.5915,"depleted in IBD",7,"cholestenone","Steroids and steroid derivatives","1",0.0037,8.7755193308939e-07,7.7705,6.99,"C8-pos"
"315","","",188.1289,0.5903,"depleted in IBD",3,"","","0",0.0156,0.180754501271591,3.3537,2.61,"HILIC-neg"
"364","","",214.1065,0.5892,"depleted in IBD",25,"","","0",0.1815,0.21439733873815,1.657,8,"HILIC-pos"
"658","","",299.2498,0.588,"depleted in IBD",10,"","","0",0.0056,0.0502066712258891,3.982,3.2,"HILIC-neg"
"793","","",711.4837,0.5869,"depleted in IBD",6,"","","0",0.0145,0.0940164733302208,1.4321,6.15,"C8-pos"
"749","","",138.0909,0.5857,"depleted in IBD",25,"","","0",0.0272,0.0406500541286837,0.6923,7.8,"HILIC-pos"
"778","","",176.07,0.5846,"depleted in IBD",1,"","","0",0.0066,0.0652719964885996,2.9435,6.71,"HILIC-pos"
"198","","",188.1063,0.5834,"depleted in IBD",1,"","","0",0.041,0.201083318963102,2.1646,6.45,"HILIC-pos"
"447","","",236.0923,0.5823,"depleted in IBD",24,"","","0",1,0.244733364647896,1.5842,4.1,"HILIC-neg"
"612","","",193.0501,0.5811,"depleted in IBD",1,"","","0",0.0234,0.190588324480407,2.5669,3.84,"HILIC-neg"
"762","","",563.4608,0.58,"depleted in IBD",3,"","","0",0.005,0.0386020291146027,4.0098,9.88,"C8-pos"
"92","","",112.9855,0.5788,"enriched in IBD",18,"","","0",0.197,0.11725028850584,0.6458,1.67,"HILIC-neg"
"128","","",443.3307,0.5777,"depleted in IBD",3,"","","0",0.0046,0.0119503975280758,4.0448,7.05,"C8-pos"
"446","","",534.323,0.5765,"depleted in IBD",4,"","","0",0.0073,0.0782895001516909,2.8746,4.45,"C8-pos"
"254","","",248.1387,0.5754,"depleted in IBD",5,"","","0",0.0057,0.0312931736816347,2.7281,7.78,"HILIC-pos"
"594","","",411.246,0.5742,"depleted in IBD",6,"","","0",0.0329,0.128106292142446,1.0354,6.13,"C8-pos"
"808","","",254.1377,0.5731,"depleted in IBD",5,"","","0",0.0637,0.178077101697746,1.2813,7.89,"HILIC-pos"
"758","","",391.1764,0.5719,"depleted in IBD",5,"","","0",0.0386,0.201083318963102,1.9779,4.08,"C18-neg"
"534","","",193.0505,0.5708,"depleted in IBD",1,"","","0",0.2824,0.138963357839821,0.7235,3.85,"HILIC-neg"
"243","","",469.9126,0.5696,"enriched in IBD",29,"","","0",0.18,0.0618312452262278,0.4434,18.86,"C18-neg"
"526","","",413.1636,0.5685,"depleted in IBD",1,"","","0",1,0.278624877628171,1.8963,7.54,"HILIC-neg"
"348","","",629.4923,0.5673,"depleted in IBD",3,"","","0",0.0042,0.0105494042880096,4.1851,9.42,"C8-pos"
"337","","",344.3144,0.5662,"depleted in IBD",4,"","","0",0.1732,0.137932126807938,0.7137,1.64,"HILIC-pos"
"592","","",276.1219,0.565,"depleted in IBD",5,"","","0",0.0047,0.0098412101132274,3.2481,4.17,"HILIC-pos"
"199","","",266.1376,0.5639,"depleted in IBD",1,"","","0",0.004,0.00250134933191287,4.4244,8.09,"HILIC-pos"
"732","","",307.2612,0.5627,"depleted in IBD",6,"","","0",0.0094,0.0630221364844766,1.3173,6.12,"C8-pos"
"310","","",212.1022,0.5616,"depleted in IBD",15,"","","0",0.0125,0.133708558605898,1.7555,7.72,"HILIC-pos"
"628","","",162.102,0.5604,"depleted in IBD",5,"","","0",0.0159,0.146460930529501,1.864,6.53,"HILIC-pos"
"418","","",497.3219,0.5593,"depleted in IBD",20,"","","0",0.0922,0.252044678549954,2.0568,5.17,"HILIC-pos"
"74","","",467.2774,0.5581,"depleted in IBD",20,"","","0",0.7187,0.246808269313599,1.3423,13.83,"C18-neg"
"86","","",281.2477,0.557,"depleted in IBD",4,"","","0",0.0399,0.0772615319116176,0.6535,4.45,"C8-pos"
"152","","",697.4669,0.5558,"depleted in IBD",6,"","","0",0.0894,0.15931306408832,0.9714,6.13,"C8-pos"
"891","","",599.4807,0.5547,"depleted in IBD",3,"","","0",0.0041,0.00975905348499571,4.3565,7.68,"C8-pos"
"140","","",589.3198,0.5535,"depleted in IBD",22,"","","0",0.0508,0.255578089865232,2.4689,1.01,"HILIC-neg"
"880","","",617.4753,0.5524,"depleted in IBD",10,"","","0",0.0042,0.0288065864823204,4.143,13.17,"C18-neg"
"448","","",194.1169,0.5512,"depleted in IBD",1,"","","0",0.0037,0.000818020134714609,3.9711,7.67,"HILIC-pos"
"693","","",635.4964,0.5501,"depleted in IBD",6,"","","0",0.5326,0.189440997800405,0.8151,6.13,"C8-pos"
"466","","",315.2803,0.5489,"depleted in IBD",4,"","","0",0.0059,0.0480164141348793,2.1569,4.45,"C8-pos"
"722","","",629.4794,0.5478,"depleted in IBD",6,"","","0",0.1246,0.185109516158687,0.9844,6.13,"C8-pos"
"864","","",582.5246,0.5466,"depleted in IBD",7,"cholestenone","Steroids and steroid derivatives","1",0.0031,3.41814059146044e-06,7.0266,7,"C8-pos"
"821","","",263.2371,0.5455,"depleted in IBD",4,"","","0",0.0178,0.0603253593601976,0.7024,4.45,"C8-pos"
"49","","",604.5075,0.5443,"depleted in IBD",7,"cholestenone","Steroids and steroid derivatives","1",0.0042,0.0294191182347579,3.8049,7,"C8-pos"
"261","","",691.5291,0.5432,"depleted in IBD",3,"","","0",0.0033,0.00179205464962496,5.1026,9.86,"C8-pos"
"707","","",124.0755,0.542,"depleted in IBD",1,"","","0",0.0055,0.0507390952125424,2.4281,7.23,"HILIC-pos"
"459","","",576.5498,0.5409,"depleted in IBD",3,"","","0",0.0075,0.138908920929605,3.0115,10.3,"C8-pos"
"210","","",569.333,0.5397,"depleted in IBD",22,"","","0",0.2972,0.295734689314084,1.8291,1.15,"HILIC-neg"
"89","","",583.4649,0.5386,"depleted in IBD",3,"","","0",0.0046,0.0512973387778973,3.482,10.5,"C8-pos"
"610","","",567.3174,0.5374,"depleted in IBD",22,"","","0",0.1054,0.280097656383413,1.9221,1.12,"HILIC-neg"
"31","","",139.0512,0.5362,"enriched in IBD",8,"","","0",0.0558,0.135345940109986,0.6823,1.26,"HILIC-neg"
"30","","",444.3733,0.5351,"depleted in IBD",3,"","","0",0.0109,0.101450192863642,1.116,1.49,"HILIC-pos"
"766","","",584.4562,0.5339,"depleted in IBD",3,"","","0",0.0075,0.136470584643604,2.7325,1.6,"HILIC-pos"
"70","","",203.1384,0.5328,"enriched in IBD",14,"","","0",0.0062,0.0280716393730421,1.3835,8.74,"HILIC-pos"
"269","","",160.8408,0.5316,"depleted in IBD",13,"","","0",0.1426,0.070684144017585,0.4025,0.61,"C18-neg"
"868","","",289.117,0.5305,"depleted in IBD",5,"","","0",0.0397,0.267849831969607,2.2315,1.92,"HILIC-pos"
"97","","",481.151,0.5293,"depleted in IBD",1,"","","0",0.007,0.1244446317636,2.4022,5.46,"C18-neg"
"828","","",421.2731,0.5282,"depleted in IBD",24,"","","0",0.0149,0.194134420030948,2.2117,12.43,"C18-neg"
"510","","",433.218,0.527,"depleted in IBD",10,"","","0",0.0065,0.006061140741712,1.0225,13.17,"C18-neg"
"511","","",94.0654,0.5259,"depleted in IBD",1,"","","0",0.0929,0.283617853755398,1.8996,8.47,"HILIC-pos"
"359","","",194.1169,0.5247,"depleted in IBD",1,"","","0",0.0087,0.143481644346938,2.1429,8.69,"HILIC-pos"
"167","","",330.3004,0.5236,"depleted in IBD",4,"","","0",0.0079,0.0611691243264336,1.1591,4.45,"C8-pos"
"63","","",1003.7202,0.5224,"depleted in IBD",6,"","","0",0.1076,0.27003054307478,1.515,6.13,"C8-pos"
"716","","",469.2907,0.5213,"depleted in IBD",20,"","","0",0.2236,0.286444789509453,1.4404,5.22,"HILIC-pos"
"850","","",567.4537,0.5201,"depleted in IBD",3,"","","0",0.0076,0.143892533501321,2.4821,1.51,"HILIC-pos"
"854","","",377.1969,0.519,"depleted in IBD",1,"","","0",0.0053,0.0893433523584319,3.0545,6.1,"C18-neg"
"561","","",554.4415,0.5178,"depleted in IBD",3,"","","0",0.0094,0.0922145762702662,1.0941,1.5,"HILIC-pos"
"114","","",279.2204,0.5167,"depleted in IBD",22,"","","0",0.1889,0.282740116122271,1.3125,3.23,"HILIC-neg"
"302","","",184.1326,0.5155,"depleted in IBD",1,"","","0",0.0047,0.0704923604203793,3.0779,6.65,"HILIC-pos"
"300","","",329.2429,0.5144,"depleted in IBD",6,"","","0",1,0.176104437639867,0.4926,6.13,"C8-pos"
"857","","",218.0806,0.5132,"depleted in IBD",24,"","","0",0.0055,0.0663731866563465,2.1029,4.89,"HILIC-pos"
"653","","",269.1121,0.5121,"enriched in IBD",15,"","","0",0.0095,0.129418781799172,1.265,5.86,"HILIC-pos"
"491","","",397.3448,0.5109,"depleted in IBD",7,"cholestenone","Steroids and steroid derivatives","1",0.0082,0.0309048192845191,0.7586,1.67,"HILIC-pos"
"282","","",321.0956,0.5098,"depleted in IBD",5,"","","0",0.0074,0.13764261351422,2.166,2.29,"HILIC-pos"
"680","","",779.4702,0.5086,"depleted in IBD",6,"","","0",0.0167,0.157411680267328,1.1496,6.14,"C8-pos"
"201","","",250.1447,0.5075,"depleted in IBD",8,"","","0",0.0079,0.128260447320337,1.4885,2.5,"HILIC-neg"
"144","","",601.5173,0.5063,"enriched in IBD",17,"","","0",0.2094,0.319642373560972,1.636,8.72,"C8-pos"
"784","","",236.056,0.5052,"depleted in IBD",1,"","","0",0.0143,0.161999197926671,1.2505,1.02,"C18-neg"
"328","","",231.1136,0.504,"depleted in IBD",1,"","","0",0.0189,0.0998718725131778,0.5631,2.98,"HILIC-neg"
"893","","",214.0801,0.5029,"enriched in IBD",27,"","","0",0.1537,0.159921172937253,0.4922,1.71,"HILIC-neg"
"577","","",415.1796,0.5017,"depleted in IBD",5,"","","0",0.1775,0.330603176680608,1.6922,2.43,"C18-neg"
"393","","",765.4544,0.5006,"depleted in IBD",6,"","","0",0.1027,0.209158773571264,0.7815,6.13,"C8-pos"
"436","","",495.3063,0.4994,"depleted in IBD",20,"","","0",0.3095,0.335631183130871,1.5369,5.19,"HILIC-pos"
"276","","",588.8968,0.4983,"enriched in IBD",2,"","","0",0.121,0.0953179421211849,0.3839,15.76,"C18-neg"
"313","","",176.1064,0.4971,"depleted in IBD",5,"","","0",0.1934,0.338742592714067,1.8287,6.73,"HILIC-pos"
"767","","",539.3224,0.496,"depleted in IBD",30,"","","0",1,0.314309066181697,1.1538,1.16,"HILIC-neg"
"625","","",108.0114,0.4948,"enriched in IBD",21,"taurine","Organic sulfonic acids and derivatives","1",0.0028,0.000317073983458352,5.3642,6.1,"HILIC-pos"
"221","","",207.0684,0.4937,"enriched in IBD",27,"","","0",0.5265,0.202661416858952,0.5439,1.65,"HILIC-neg"
"687","","",1009.738,0.4925,"depleted in IBD",6,"","","0",0.1082,0.26254470922577,1.0684,6.13,"C8-pos"
"360","","",491.9334,0.4914,"enriched in IBD",2,"","","0",0.0107,0.0415199197128575,0.4968,17.56,"C18-neg"
"885","","",232.1323,0.4902,"depleted in IBD",5,"","","0",0.0478,0.298358947057679,1.6659,6.72,"HILIC-pos"
"812","","",95.0687,0.4891,"depleted in IBD",1,"","","0",0.0092,0.20154756799653,2.1446,8.47,"HILIC-pos"
"705","","",470.2907,0.4879,"enriched in IBD",20,"","","0",0.486,0.341218388132764,1.3953,14.03,"C18-neg"
"318","","",538.4425,0.4868,"depleted in IBD",3,"","","0",0.071,0.160108382588298,0.4728,1.49,"HILIC-pos"
"134","","",308.1328,0.4856,"depleted in IBD",15,"","","0",0.0028,0.00716302337372326,3.9215,7.61,"HILIC-pos"
"16","","",245.2266,0.4845,"depleted in IBD",4,"","","0",0.0042,0.0399564872808789,1.3844,4.45,"C8-pos"
"476","","",411.2097,0.4833,"depleted in IBD",4,"","","0",0.0034,0.0399564872808789,2.2797,4.45,"C8-pos"
"605","","",553.3383,0.4822,"depleted in IBD",22,"","","0",0.613,0.36135526497936,1.2684,1.1,"HILIC-neg"
"871","","",271.1643,0.481,"depleted in IBD",25,"","","0",0.0038,0.0779306455802266,2.6948,9.03,"HILIC-pos"
"411","","",479.1973,0.4799,"depleted in IBD",4,"","","0",0.0058,0.123280942821656,1.4297,4.46,"C8-pos"
"301","","",463.4297,0.4787,"depleted in IBD",3,"","","0",0.0026,0.00761368447807468,4.5356,10.31,"C8-pos"
"792","","",314.1221,0.4776,"depleted in IBD",15,"","","0",0.0033,0.0333748469913343,2.2783,7.79,"HILIC-pos"
"423","","",520.9095,0.4764,"enriched in IBD",2,"","","0",0.1395,0.128106292142446,0.3498,15.77,"C18-neg"
"745","","",308.1328,0.4753,"depleted in IBD",15,"","","0",0.0059,0.11523415930757,1.1462,7.87,"HILIC-pos"
"218","","",559.9206,0.4741,"enriched in IBD",2,"","","0",0.0302,0.0793743469942029,0.3581,18.76,"C18-neg"
"143","","",375.1747,0.473,"depleted in IBD",15,"","","0",0.003,0.0490193952482604,3.178,8.76,"HILIC-pos"
"827","","",161.0719,0.4718,"depleted in IBD",3,"","","0",0.008,0.287824017647326,3.4411,1.11,"HILIC-neg"
"171","","",133.0505,0.4707,"depleted in IBD",1,"","","0",0.0085,0.228457964091254,1.7476,6.93,"HILIC-neg"
"763","","",214.0811,0.4695,"enriched in IBD",8,"","","0",0.0243,0.1242027424424,0.4019,15.45,"HILIC-neg"
"9","","",201.1015,0.4684,"depleted in IBD",1,"","","0",0.0087,0.254101264179998,2.0586,8.02,"HILIC-pos"
"791","","",615.3725,0.4672,"depleted in IBD",22,"","","0",0.1672,0.352910562016221,1.1762,1.02,"HILIC-neg"
"368","","",285.042,0.4661,"enriched in IBD",8,"","","0",0.0112,0.112123957489563,0.472,15.57,"HILIC-neg"
"820","","",646.8559,0.4649,"enriched in IBD",29,"","","0",1,0.138215335583541,0.3235,18.82,"C18-neg"
"813","","",423.9464,0.4638,"enriched in IBD",12,"","","0",0.0146,0.128823810921443,0.4716,17.42,"C18-neg"
"322","","",330.1322,0.4626,"depleted in IBD",5,"","","0",0.0506,0.377687082030365,1.728,1.91,"HILIC-pos"
"121","","",510.8801,0.4614,"enriched in IBD",29,"","","0",0.2761,0.143892533501321,0.3433,18.84,"C18-neg"
"468","","",397.1683,0.4603,"depleted in IBD",10,"","","0",0.0029,0.0399564872808789,2.7797,13.17,"C18-neg"
"184","","",214.0812,0.4591,"enriched in IBD",27,"","","0",0.2576,0.199818647845739,0.4017,1.69,"HILIC-neg"
"853","","",573.3276,0.458,"depleted in IBD",30,"","","0",0.7349,0.345239159877443,0.9287,1.16,"HILIC-neg"
"122","","",162.8379,0.4568,"depleted in IBD",13,"","","0",0.148,0.101506002915572,0.3153,0.61,"C18-neg"
"701","","",355.9587,0.4557,"enriched in IBD",12,"","","0",0.0197,0.13887782397449,0.4386,17.42,"C18-neg"
"425","","",771.4714,0.4545,"depleted in IBD",6,"","","0",0.1267,0.27003054307478,0.5394,6.13,"C8-pos"
"744","","",437.1496,0.4534,"enriched in IBD",0,"","","0",1,0.405905433294219,1.4901,6.01,"C18-neg"
"25","","",442.8939,0.4522,"enriched in IBD",29,"","","0",0.5378,0.128106292142446,0.3113,18.82,"C18-neg"
"497","","",193.0507,0.4511,"depleted in IBD",1,"","","0",0.0082,0.151827735892893,0.7976,3.77,"HILIC-neg"
"545","","",577.3677,0.4499,"enriched in IBD",25,"","","0",1,0.380679681576964,0.8915,3.01,"C8-pos"
"65","","",323.2465,0.4488,"depleted in IBD",4,"","","0",0.0027,0.0356553287483793,2.6996,4.45,"C8-pos"
"619","","",491.9333,0.4476,"enriched in IBD",2,"","","0",0.036,0.10180234283851,0.3313,18.76,"C18-neg"
"522","","",703.4836,0.4465,"depleted in IBD",6,"","","0",0.2041,0.222682405769152,0.4025,6.13,"C8-pos"
"621","","",284.123,0.4453,"depleted in IBD",15,"","","0",0.003,0.0645399669519474,2.3705,7.87,"HILIC-pos"
"493","","",287.9713,0.4442,"enriched in IBD",12,"","","0",0.0113,0.11725028850584,0.4209,17.45,"C18-neg"
"432","","",452.9226,0.443,"enriched in IBD",2,"","","0",0.4383,0.119548591397001,0.3041,18.76,"C18-neg"
"852","","",279.1693,0.4419,"depleted in IBD",1,"","","0",0.0025,0.0386020291146027,3.2841,7.88,"HILIC-pos"
"295","","",343.2221,0.4407,"depleted in IBD",4,"","","0",0.0117,0.140831901077431,0.456,4.45,"C8-pos"
"586","","",588.8969,0.4396,"enriched in IBD",2,"","","0",0.832,0.178849461362434,0.3237,18.76,"C18-neg"
"475","","",138.0909,0.4384,"depleted in IBD",1,"","","0",0.0095,0.238001002659268,1.0165,8.42,"HILIC-pos"
"39","","",514.3245,0.4373,"depleted in IBD",30,"","","0",0.1507,0.378945932348761,0.8534,1.06,"HILIC-neg"
"342","","",351.251,0.4361,"depleted in IBD",6,"","","0",0.008,0.137560961168337,0.5166,6.14,"C8-pos"
"655","","",122.0963,0.435,"depleted in IBD",1,"","","0",0.0452,0.230405481001644,0.4215,7.61,"HILIC-pos"
"227","","",333.9381,0.4338,"enriched in IBD",29,"","","0",0.5697,0.132323703972285,0.2968,18.85,"C18-neg"
"161","","",537.3508,0.4327,"depleted in IBD",22,"","","0",0.1293,0.385236941092646,0.8379,1.15,"HILIC-neg"
"774","","",833.442,0.4315,"depleted in IBD",6,"","","0",0.0316,0.242602972503721,0.456,6.16,"C8-pos"
"769","","",393.2848,0.4304,"enriched in IBD",13,"","","0",0.2621,0.389614440459079,0.7335,14.99,"HILIC-neg"
"881","","",580.5087,0.4292,"depleted in IBD",7,"cholestenone","Steroids and steroid derivatives","1",0.0019,5.6095102456155e-07,7.5922,7,"C8-pos"
"308","","",222.0753,0.4281,"depleted in IBD",1,"","","0",0.0098,0.301139910670152,1.1766,4.9,"HILIC-pos"
"566","","",1071.7086,0.4269,"depleted in IBD",6,"","","0",0.0489,0.383834130863294,0.9505,6.14,"C8-pos"
"395","","",341.2366,0.4258,"depleted in IBD",6,"","","0",0.0295,0.107835451441698,0.3103,6.13,"C8-pos"
"593","","",208.0719,0.4246,"enriched in IBD",8,"","","0",0.0082,0.138215335583541,0.4405,15.53,"HILIC-neg"
"287","","",578.8679,0.4235,"enriched in IBD",29,"","","0",0.2626,0.148394401822633,0.2985,18.82,"C18-neg"
"155","","",250.1276,0.4223,"depleted in IBD",15,"","","0",0.0064,0.183751984578722,0.7614,7.8,"HILIC-pos"
"674","","",615.1722,0.4212,"depleted in IBD",4,"","","0",0.0021,0.023994611986846,3.4302,4.46,"C8-pos"
"88","","",301.2637,0.42,"depleted in IBD",4,"","","0",0.0102,0.313079080984052,1.097,1.64,"HILIC-pos"
"771","","",535.43,0.4189,"depleted in IBD",3,"","","0",0.0021,0.019063325697423,3.4246,9.57,"C8-pos"
"764","","",301.2646,0.4177,"depleted in IBD",4,"","","0",0.0023,0.0556026855729759,3.0637,4.46,"C8-pos"
"668","","",108.0807,0.4166,"depleted in IBD",1,"","","0",0.0064,0.234671620246746,1.0117,8.18,"HILIC-pos"
"746","","",588.8969,0.4154,"enriched in IBD",2,"","","0",0.5919,0.264627778103606,0.3306,17.75,"C18-neg"
"818","","",221.093,0.4143,"depleted in IBD",11,"carnosol","Prenol lipids","1",0.2548,0.496009093140207,1.8925,1.16,"HILIC-neg"
"288","","",602.4908,0.4131,"depleted in IBD",7,"cholestenone","Steroids and steroid derivatives","1",0.0019,0.0159506340564175,4.3374,7,"C8-pos"
"216","","",659.6059,0.412,"depleted in IBD",3,"","","0",0.0022,0.0638252546110622,2.8741,10.8,"C8-pos"
"239","","",325.0181,0.4108,"enriched in IBD",8,"","","0",0.1083,0.217178724637312,0.3183,15.53,"HILIC-neg"
"844","","",423.9461,0.4097,"enriched in IBD",2,"","","0",0.0446,0.13523613881313,0.2957,18.74,"C18-neg"
"409","","",491.9333,0.4085,"enriched in IBD",2,"","","0",0.0248,0.201828798486068,0.343,18.15,"C18-neg"
"694","","",84.9891,0.4074,"enriched in IBD",12,"","","0",0.0063,0.0909022038067698,0.3674,18.94,"C18-neg"
"133","","",493.2939,0.4062,"depleted in IBD",9,"","","0",0.0018,0.0108382363774013,4.4873,15.14,"C18-neg"
"185","","",935.7331,0.4051,"depleted in IBD",6,"","","0",0.122,0.401193536625212,0.6324,6.12,"C8-pos"
"23","","",520.9095,0.4039,"enriched in IBD",2,"","","0",0.8401,0.209524301713676,0.2962,18.76,"C18-neg"
"56","","",284.123,0.4028,"depleted in IBD",15,"","","0",0.0022,0.0417330332339767,1.9578,8.01,"HILIC-pos"
"637","","",165.0919,0.4016,"depleted in IBD",22,"","","0",0.0063,0.323919124756599,1.4732,1.16,"HILIC-neg"
"540","","",100.9246,0.4005,"depleted in IBD",13,"","","0",0.0032,0.110488173414237,0.8781,0.32,"C18-neg"
"571","","",285.0446,0.3993,"enriched in IBD",8,"","","0",0.023,0.265340312219627,0.3837,15.55,"HILIC-neg"
"899","","",321.2406,0.3982,"depleted in IBD",6,"","","0",0.0031,0.144552613363175,1.2467,6.12,"C8-pos"
"410","","",179.1788,0.397,"depleted in IBD",19,"","","0",0.0037,0.0556026855729759,0.475,1.65,"HILIC-pos"
"804","","",295.8925,0.3959,"enriched in IBD",13,"","","0",0.0167,0.212163147361978,0.3565,12.06,"HILIC-neg"
"99","","",151.1113,0.3947,"depleted in IBD",19,"","","0",0.0095,0.0652719964885996,0.2998,1.65,"HILIC-pos"
"461","","",169.9852,0.3936,"enriched in IBD",21,"taurine","Organic sulfonic acids and derivatives","1",0.0017,0.00121169132278266,4.3585,6.13,"HILIC-pos"
"83","","",778.8863,0.3924,"enriched in IBD",12,"","","0",0.0649,0.391542500788671,0.4967,3.51,"C8-pos"
"629","","",399.1845,0.3913,"depleted in IBD",1,"","","0",0.0207,0.453376000778475,1.5499,5,"C18-neg"
"135","","",355.9587,0.3901,"enriched in IBD",2,"","","0",0.0455,0.138963357839821,0.2859,18.76,"C18-neg"
"217","","",491.9334,0.389,"enriched in IBD",12,"","","0",0.0064,0.183751984578722,0.4407,17.42,"C18-neg"
"580","","",337.2126,0.3878,"depleted in IBD",4,"","","0",0.0026,0.158276175029584,1.9864,1.64,"HILIC-pos"
"438","","",547.1849,0.3867,"depleted in IBD",4,"","","0",0.0019,0.0414787333003027,3.1644,4.46,"C8-pos"
"805","","",346.3212,0.3855,"depleted in IBD",4,"","","0",0.0023,0.137900647968463,2.583,1.64,"HILIC-pos"
"667","","",520.9095,0.3843,"enriched in IBD",2,"","","0",0.6059,0.286166722561875,0.3075,17.75,"C18-neg"
"652","","",369.2315,0.3832,"depleted in IBD",6,"","","0",0.0248,0.128106292142446,0.2804,6.12,"C8-pos"
"57","","",374.9064,0.382,"enriched in IBD",29,"","","0",0.5789,0.174074091144882,0.2686,18.83,"C18-neg"
"363","","",176.0461,0.3809,"enriched in IBD",27,"","","0",0.1513,0.44723441390725,0.6549,1.69,"HILIC-neg"
"219","","",813.1544,0.3797,"depleted in IBD",6,"","","0",0.0063,0.254101264179998,0.6496,6.19,"C8-pos"
"402","","",169.1217,0.3786,"depleted in IBD",19,"","","0",0.007,0.065222699863746,0.3082,1.65,"HILIC-pos"
"107","","",150.1273,0.3774,"depleted in IBD",1,"","","0",0.0026,0.148394401822633,1.6527,6.71,"HILIC-pos"
"228","","",218.0803,0.3763,"depleted in IBD",5,"","","0",0.0598,0.485426798185309,1.0643,9.16,"HILIC-pos"
"244","","",282.0247,0.3751,"enriched in IBD",8,"","","0",0.0137,0.434957924266864,1.2231,6.62,"HILIC-neg"
"832","","",239.1322,0.374,"depleted in IBD",25,"","","0",0.0016,1.46069877658976e-05,3.9753,6.14,"HILIC-pos"
"872","","",646.8556,0.3728,"enriched in IBD",2,"","","0",0.0053,0.119056001518595,0.3635,18.93,"C18-neg"
"417","","",214.0811,0.3717,"enriched in IBD",8,"","","0",0.023,0.341218388132764,0.41,0.49,"HILIC-neg"
"452","","",578.8682,0.3705,"enriched in IBD",2,"","","0",0.0074,0.133708558605898,0.3213,18.93,"C18-neg"
"347","","",403.1466,0.3694,"depleted in IBD",5,"","","0",0.4093,0.491405357184274,0.7517,4.79,"HILIC-neg"
"416","","",299.2489,0.3682,"depleted in IBD",10,"","","0",0.0018,0.0112955097688479,2.3134,13.17,"C18-neg"
"79","","",683.1598,0.3671,"depleted in IBD",4,"","","0",0.0017,0.0478425181083209,3.3508,4.45,"C8-pos"
"557","","",428.8909,0.3659,"depleted in IBD",6,"","","0",0.005,0.149054952969744,0.4124,6.11,"C8-pos"
"362","","",169.9632,0.3648,"enriched in IBD",8,"","","0",0.0042,0.0945389992732368,0.3945,15.45,"HILIC-neg"
"508","","",221.2256,0.3636,"depleted in IBD",19,"","","0",0.0033,0.137790585600123,0.5966,1.64,"HILIC-pos"
"149","","",423.9461,0.3625,"enriched in IBD",2,"","","0",0.0228,0.240492013428884,0.3137,18.11,"C18-neg"
"457","","",384.9351,0.3613,"enriched in IBD",2,"","","0",0.2771,0.164598317726358,0.2629,18.76,"C18-neg"
"361","","",383.3311,0.3602,"depleted in IBD",7,"cholestenone","Steroids and steroid derivatives","1",0.0017,0.000991393407021997,1.9011,6.52,"C8-pos"
"471","","",397.2303,0.359,"depleted in IBD",6,"","","0",0.378,0.238001002659268,0.2752,6.13,"C8-pos"
"371","","",501.2054,0.3579,"depleted in IBD",10,"","","0",0.002,0.0109001140220046,1.0956,13.18,"C18-neg"
"531","","",475.316,0.3567,"depleted in IBD",7,"cholestenone","Steroids and steroid derivatives","1",0.0014,2.00660298910536e-06,7.0119,7,"C8-pos"
"320","","",164.835,0.3556,"depleted in IBD",13,"","","0",0.0355,0.412163170565563,0.4741,0.61,"C18-neg"
"835","","",125.1322,0.3544,"depleted in IBD",19,"","","0",0.0047,0.118480507307359,0.3509,1.64,"HILIC-pos"
"787","","",559.9206,0.3533,"enriched in IBD",2,"","","0",0.0031,0.099918636660359,0.4451,18.39,"C18-neg"
"735","","",266.1489,0.3521,"depleted in IBD",1,"","","0",0.0016,0.0399564872808789,2.4229,8.01,"HILIC-pos"
"886","","",273.1891,0.351,"enriched in IBD",13,"","","0",0.0368,0.484744446564979,0.7415,1.12,"HILIC-neg"
"525","","",542.4828,0.3498,"depleted in IBD",3,"","","0",0.0019,0.0945389992732368,2.4965,1.58,"HILIC-pos"
"711","","",236.1214,0.3487,"depleted in IBD",15,"","","0",0.0024,0.152437294579101,1.2285,7.67,"HILIC-pos"
"642","","",559.9209,0.3475,"enriched in IBD",2,"","","0",0.0023,0.0351909903084786,0.5128,17.56,"C18-neg"
"551","","",576.5143,0.3464,"depleted in IBD",3,"","","0",0.0035,0.337127114870407,1.7621,9.14,"C8-pos"
"326","","",423.9461,0.3452,"enriched in IBD",2,"","","0",0.0687,0.278624877628171,0.2883,17.77,"C18-neg"
"529","","",646.8562,0.3441,"enriched in IBD",2,"","","0",0.0023,0.0421701969231738,0.5603,17.57,"C18-neg"
"384","","",128.0704,0.3429,"enriched in IBD",15,"","","0",0.0019,0.00711383414610432,1.092,7.59,"HILIC-pos"
"270","","",506.3974,0.3418,"depleted in IBD",7,"cholestenone","Steroids and steroid derivatives","1",0.0013,5.01374952782398e-05,6.0162,7,"C8-pos"
"458","","",601.4226,0.3406,"depleted in IBD",3,"","","0",0.0048,0.395094421112043,1.2858,1.51,"HILIC-pos"
"600","","",316.9476,0.3395,"enriched in IBD",2,"","","0",0.4252,0.188911593778745,0.2516,18.76,"C18-neg"
"434","","",207.1736,0.3383,"depleted in IBD",10,"","","0",0.003,0.0893433523584319,0.3693,1.64,"HILIC-pos"
"66","","",235.2411,0.3372,"depleted in IBD",4,"","","0",0.0016,0.060624924948247,2.3221,1.64,"HILIC-pos"
"636","","",365.1967,0.336,"depleted in IBD",1,"","","0",0.0356,0.539562475020025,1.2753,5.15,"C18-neg"
"176","","",559.9207,0.3349,"enriched in IBD",12,"","","0",0.0157,0.244733364647896,0.2906,17.76,"C18-neg"
"869","","",201.023,0.3337,"enriched in IBD",27,"","","0",0.0045,0.336290135139073,0.7353,1.08,"HILIC-neg"
"515","","",317.1141,0.3326,"enriched in IBD",3,"","","0",0.0262,0.335631183130871,0.301,1.1,"HILIC-neg"
"256","","",195.029,0.3314,"depleted in IBD",1,"","","0",0.0021,0.128106292142446,1.0681,1.05,"C18-neg"
"376","","",556.3325,0.3303,"enriched in IBD",23,"","","0",0.0013,0.00743294119867649,3.3549,8.98,"C18-neg"
"660","","",296.8875,0.3291,"enriched in IBD",18,"","","0",0.0214,0.434957924266864,0.3934,11.23,"HILIC-neg"
"796","","",333.2201,0.328,"depleted in IBD",10,"","","0",0.0015,0.012914033351321,1.7543,13.17,"C18-neg"
"28","","",491.9333,0.3268,"enriched in IBD",2,"","","0",0.0318,0.341950565175238,0.298,18.36,"C18-neg"
"555","","",296.8877,0.3257,"enriched in IBD",27,"","","0",0.0342,0.394469123402244,0.3152,12.26,"HILIC-neg"
"224","","",623.3051,0.3245,"depleted in IBD",3,"","","0",0.0056,0.511866704968023,3.1584,1.94,"HILIC-pos"
"115","","",210.9289,0.3234,"enriched in IBD",18,"","","0",0.003,0.199888180011698,0.4568,15.24,"HILIC-neg"
"841","","",213.1226,0.3222,"depleted in IBD",28,"","","0",0.0772,0.52992459920757,0.4974,8.11,"HILIC-pos"
"728","","",136.1116,0.3211,"depleted in IBD",1,"","","0",0.0023,0.194134420030948,0.8879,7.1,"HILIC-pos"
"21","","",491.9333,0.3199,"enriched in IBD",2,"","","0",0.0368,0.293212278295902,0.2712,17.76,"C18-neg"
"777","","",309.1432,0.3188,"depleted in IBD",1,"","","0",0.0016,0.131354093190332,2.2052,3.36,"HILIC-pos"
"781","","",571.3484,0.3176,"depleted in IBD",22,"","","0",0.4181,0.604987142734669,1.4187,1.15,"HILIC-neg"
"861","","",575.3703,0.3165,"enriched in IBD",23,"","","0",0.0187,0.539562475020025,1.1147,4.29,"HILIC-pos"
"29","","",208.0719,0.3153,"enriched in IBD",18,"","","0",0.1266,0.474805616790462,0.3273,15.26,"HILIC-neg"
"24","","",415.3828,0.3142,"depleted in IBD",7,"cholestenone","Steroids and steroid derivatives","1",0.0058,0.434957924266864,0.7589,1.66,"HILIC-pos"
"437","","",618.546,0.313,"depleted in IBD",17,"","","0",0.2944,0.57318008241186,0.6983,8.56,"C8-pos"
"609","","",280.1533,0.3119,"depleted in IBD",1,"","","0",0.0012,0.00360216214778643,4.1045,7.74,"HILIC-pos"
"357","","",208.072,0.3107,"enriched in IBD",8,"","","0",0.0047,0.322624500314903,0.3763,0.5,"HILIC-neg"
"266","","",537.3258,0.3096,"enriched in IBD",23,"","","0",0.0065,0.484744446564979,0.7075,9.78,"C18-neg"
"488","","",344.3146,0.3084,"depleted in IBD",4,"","","0",0.0012,0.0423762317913299,2.8231,2.07,"HILIC-pos"
"888","","",575.3429,0.3072,"depleted in IBD",30,"","","0",0.3509,0.394469123402244,0.266,1.15,"HILIC-neg"
"613","","",347.2694,0.3061,"enriched in IBD",6,"","","0",0.0026,0.373481077967094,1.1137,12.9,"C18-neg"
"11","","",287.9712,0.3049,"enriched in IBD",2,"","","0",0.0234,0.212667742470256,0.2416,18.81,"C18-neg"
"454","","",588.8969,0.3038,"enriched in IBD",2,"","","0",0.1365,0.338012853538851,0.2518,16.04,"C18-neg"
"860","","",574.3174,0.3026,"depleted in IBD",30,"","","0",0.1699,0.640861345995549,1.776,0.99,"HILIC-neg"
"894","","",271.2277,0.3015,"depleted in IBD",24,"","","0",0.0666,0.0037563624216417,0.2102,12.19,"C18-neg"
"386","","",138.9693,0.3003,"enriched in IBD",1,"","","0",0.003,0.425212271981992,1.2415,0.75,"C18-neg"
"76","","",207.0684,0.2992,"enriched in IBD",27,"","","0",1,0.555756391425908,0.3588,1.71,"HILIC-neg"
"731","","",491.9333,0.298,"enriched in IBD",2,"","","0",0.0156,0.267849831969607,0.2531,18.97,"C18-neg"
"581","","",355.9587,0.2969,"enriched in IBD",2,"","","0",0.0285,0.346627850422403,0.2623,18.21,"C18-neg"
"480","","",187.9768,0.2957,"enriched in IBD",8,"","","0",0.0234,0.399461896059394,0.2725,15.44,"HILIC-neg"
"296","","",405.2291,0.2946,"depleted in IBD",6,"","","0",0.0229,0.183751984578722,0.2281,6.12,"C8-pos"
"492","","",559.9208,0.2934,"enriched in IBD",2,"","","0",0.0039,0.298108340411259,0.3203,18.18,"C18-neg"
"890","","",214.0799,0.2923,"enriched in IBD",18,"","","0",0.2144,0.54920511883392,0.3341,15.27,"HILIC-neg"
"379","","",405.3128,0.2911,"depleted in IBD",7,"cholestenone","Steroids and steroid derivatives","1",0.0011,4.22666812974174e-06,6.4381,6.52,"C8-pos"
"259","","",541.1679,0.29,"depleted in IBD",4,"","","0",0.0011,0.00958321700350667,4.5164,4.45,"C8-pos"
"274","","",225.1841,0.2888,"depleted in IBD",10,"","","0",0.0038,0.205920245595849,0.281,1.65,"HILIC-pos"
"53","","",568.4557,0.2877,"depleted in IBD",9,"","","0",0.002,0.133941554583449,0.3516,6.45,"C8-pos"
"795","","",285.1838,0.2865,"depleted in IBD",1,"","","0",0.0012,0.135914071237819,1.8412,1.94,"HILIC-pos"
"568","","",209.1277,0.2854,"depleted in IBD",1,"","","0",0.0011,0.0214527658210919,3.3791,6.68,"HILIC-pos"
"383","","",610.3127,0.2842,"depleted in IBD",6,"","","0",0.0093,0.506860969649785,0.354,6.15,"C8-pos"
"863","","",176.0457,0.2831,"enriched in IBD",13,"","","0",0.0021,0.316638734843765,0.6787,1.4,"HILIC-neg"
"44","","",190.0856,0.2819,"depleted in IBD",1,"","","0",0.0012,0.120711410797156,2.3642,6.37,"HILIC-pos"
"343","","",337.2139,0.2808,"depleted in IBD",4,"","","0",0.001,0.00988418234513697,3.8588,4.46,"C8-pos"
"96","","",283.2537,0.2796,"depleted in IBD",4,"","","0",0.0014,0.183751984578722,1.1036,1.64,"HILIC-pos"
"87","","",253.2153,0.2785,"depleted in IBD",10,"","","0",0.0024,0.17266621670417,0.2928,1.66,"HILIC-pos"
"173","","",301.1496,0.2773,"depleted in IBD",15,"","","0",0.0019,0.404630704266168,1.4835,7.9,"HILIC-pos"
"788","","",287.9712,0.2762,"enriched in IBD",2,"","","0",0.0085,0.313079080984052,0.2495,18.17,"C18-neg"
"816","","",588.8969,0.275,"enriched in IBD",2,"","","0",0.5771,0.444756229312131,0.2412,16.9,"C18-neg"
"573","","",442.8939,0.2739,"enriched in IBD",2,"","","0",0.0014,0.0710659031823674,0.4215,17.54,"C18-neg"
"873","","",559.9208,0.2727,"enriched in IBD",2,"","","0",0.0037,0.390708119032038,0.314,18.29,"C18-neg"
"265","","",393.2312,0.2716,"depleted in IBD",10,"","","0",0.0011,0.0547795719016501,2.3096,13.18,"C18-neg"
"521","","",301.2637,0.2704,"depleted in IBD",4,"","","0",0.0011,0.132513347040754,2.0206,1.74,"HILIC-pos"
"232","","",520.9095,0.2693,"enriched in IBD",2,"","","0",0.1475,0.404630704266168,0.2285,16.03,"C18-neg"
"267","","",433.2358,0.2681,"depleted in IBD",6,"","","0",0.0062,0.0486079231219242,0.2143,12.72,"C18-neg"
"213","","",374.9064,0.267,"enriched in IBD",2,"","","0",0.0065,0.255578089865232,0.2365,18.95,"C18-neg"
"26","","",510.8808,0.2658,"enriched in IBD",2,"","","0",0.0015,0.104303629035113,0.3467,17.7,"C18-neg"
"163","","",220.0613,0.2647,"enriched in IBD",25,"","","0",0.4858,0.64526663935188,0.4689,3.73,"HILIC-neg"
"611","","",520.9095,0.2635,"enriched in IBD",2,"","","0",0.6063,0.463742209640292,0.2288,16.9,"C18-neg"
"840","","",361.1661,0.2624,"enriched in IBD",30,"","","0",0.0647,0.557746881080287,0.2876,13.25,"C18-neg"
"289","","",300.2604,0.2612,"depleted in IBD",4,"","","0",9e-04,0.00250134933191287,3.8357,1.98,"HILIC-pos"
"387","","",164.1428,0.2601,"depleted in IBD",1,"","","0",0.0012,0.20154756799653,1.2441,6.42,"HILIC-pos"
"147","","",353.1481,0.2589,"depleted in IBD",6,"","","0",0.0188,0.658003350045298,1.14,1.88,"HILIC-pos"
"462","","",327.3035,0.2578,"depleted in IBD",3,"","","0",9e-04,0.000446464843838396,4.8259,10.3,"C8-pos"
"589","","",259.0611,0.2566,"enriched in IBD",1,"","","0",0.0035,0.579595113168976,1.1525,5.37,"C18-neg"
"601","","",176.0455,0.2555,"enriched in IBD",18,"","","0",0.1227,0.575620053502316,0.28,2.84,"HILIC-neg"
"789","","",333.9381,0.2543,"enriched in IBD",2,"","","0",0.0013,0.128106292142446,0.3643,18.4,"C18-neg"
"544","","",510.8812,0.2532,"enriched in IBD",2,"","","0",0.0016,0.226645428292879,0.3696,16.8,"C18-neg"
"388","","",712.5515,0.252,"depleted in IBD",5,"","","0",0.3339,0.668457327656972,0.9337,7.22,"C8-pos"
"431","","",323.2262,0.2509,"depleted in IBD",6,"","","0",0.0398,0.191768256432516,0.2045,6.12,"C8-pos"
"650","","",677.1431,0.2497,"depleted in IBD",4,"","","0",0.001,0.0708590525139202,3.504,4.46,"C8-pos"
"892","","",178.0892,0.2486,"depleted in IBD",9,"","","0",0.0022,0.506140824783284,0.7883,2.91,"HILIC-neg"
"870","","",214.08,0.2474,"enriched in IBD",8,"","","0",0.0015,0.218113339345892,0.406,5.83,"HILIC-neg"
"192","","",169.9626,0.2463,"enriched in IBD",8,"","","0",0.0542,0.538823210100675,0.2587,15.58,"HILIC-neg"
"588","","",248.9601,0.2451,"enriched in IBD",2,"","","0",1,0.400504802345815,0.2114,18.94,"C18-neg"
"673","","",137.0957,0.244,"depleted in IBD",1,"","","0",0.0011,0.116538009906162,0.4828,6.95,"HILIC-pos"
"530","","",209.0122,0.2428,"depleted in IBD",0,"","","0",1,0.741941684922486,1.5556,7.15,"HILIC-neg"
"598","","",273.1893,0.2417,"enriched in IBD",13,"","","0",0.0334,0.607985588556191,0.2932,1.07,"HILIC-neg"
"569","","",648.853,0.2405,"enriched in IBD",2,"","","0",0.0015,0.233569764655251,0.3391,18.93,"C18-neg"
"485","","",609.1552,0.2394,"depleted in IBD",4,"","","0",8e-04,0.0236367718722973,4.044,4.46,"C8-pos"
"304","","",401.9251,0.2382,"enriched in IBD",29,"","","0",0.503,0.301337591530779,0.1966,18.79,"C18-neg"
"68","","",355.9587,0.2371,"enriched in IBD",12,"","","0",0.0194,0.538823210100675,0.2593,17.33,"C18-neg"
"54","","",510.881,0.2359,"enriched in IBD",2,"","","0",0.0055,0.341218388132764,0.2315,18.96,"C18-neg"
"717","","",319.1913,0.2348,"depleted in IBD",1,"","","0",0.1608,0.720720495557337,0.8739,5.15,"C18-neg"
"708","","",357.311,0.2336,"depleted in IBD",4,"","","0",0.001,0.16674275428245,2.437,4.45,"C8-pos"
"867","","",545.5254,0.2325,"depleted in IBD",3,"","","0",8e-04,0.013987287220897,3.4877,10.38,"C8-pos"
"414","","",274.0586,0.2313,"enriched in IBD",18,"","","0",0.2647,0.668271760437721,0.3923,14.05,"HILIC-neg"
"723","","",316.128,0.2301,"depleted in IBD",1,"","","0",0.0022,0.538033482161472,0.5935,5.11,"HILIC-pos"
"608","","",287.9712,0.229,"enriched in IBD",2,"","","0",0.0154,0.466009360457596,0.2246,18.34,"C18-neg"
"546","","",214.0812,0.2278,"enriched in IBD",8,"","","0",0.0239,0.5405770751772,0.2466,15.55,"HILIC-neg"
"58","","",214.0796,0.2267,"enriched in IBD",8,"","","0",0.0102,0.625854422003067,0.3058,0.49,"HILIC-neg"
"426","","",423.1894,0.2255,"depleted in IBD",10,"","","0",8e-04,0.0288065864823204,1.9478,13.18,"C18-neg"
"401","","",124.0755,0.2244,"depleted in IBD",1,"","","0",8e-04,0.0756568248158119,1.6578,8.07,"HILIC-pos"
"547","","",941.7488,0.2232,"depleted in IBD",6,"","","0",0.1236,0.613013929560838,0.2547,6.13,"C8-pos"
"815","","",480.2781,0.2221,"enriched in IBD",26,"tauroursodeoxycholic acid","Steroids and steroid derivatives","1",0.0567,0.74505050787873,1.3221,8.26,"C18-neg"
"474","","",151.9952,0.2209,"enriched in IBD",12,"","","0",0.001,0.063625236228356,0.4262,18.93,"C18-neg"
"335","","",287.9712,0.2198,"enriched in IBD",2,"","","0",0.0346,0.44723441390725,0.2103,17.86,"C18-neg"
"513","","",332.1327,0.2186,"depleted in IBD",15,"","","0",0.001,0.238001002659268,2.0874,7.79,"HILIC-pos"
"292","","",208.0723,0.2175,"depleted in IBD",18,"","","0",0.009,0.465080349677332,0.2186,14.07,"HILIC-neg"
"626","","",551.3241,0.2163,"depleted in IBD",22,"","","0",0.3712,0.72305589690372,0.382,1.15,"HILIC-neg"
"706","","",178.122,0.2152,"depleted in IBD",1,"","","0",7e-04,0.035146507693535,2.068,6.72,"HILIC-pos"
"17","","",391.2134,0.214,"depleted in IBD",6,"","","0",0.0867,0.183751984578722,0.1788,6.13,"C8-pos"
"549","","",235.2048,0.2129,"depleted in IBD",10,"","","0",9e-04,0.029108508459415,0.4864,1.66,"HILIC-pos"
"692","","",236.9188,0.2117,"enriched in IBD",13,"","","0",0.052,0.575176782844743,0.2273,12.06,"HILIC-neg"
"346","","",569.1924,0.2106,"depleted in IBD",10,"","","0",8e-04,0.0469879168092625,1.2613,13.19,"C18-neg"
"209","","",423.9462,0.2094,"enriched in IBD",12,"","","0",0.0157,0.588978788566386,0.2484,17.32,"C18-neg"
"590","","",306.919,0.2083,"enriched in IBD",29,"","","0",0.4003,0.346627850422403,0.1854,18.81,"C18-neg"
"208","","",170.8697,0.2071,"depleted in IBD",13,"","","0",0.0641,0.383834130863294,0.1882,0.62,"C18-neg"
"790","","",235.2421,0.206,"depleted in IBD",4,"","","0",7e-04,0.0543265745722624,2.8576,4.46,"C8-pos"
"180","","",355.2021,0.2048,"depleted in IBD",10,"","","0",7e-04,0.0392281302987359,2.7057,13.17,"C18-neg"
"334","","",383.247,0.2037,"depleted in IBD",6,"","","0",0.0416,0.21098483547116,0.1749,6.12,"C8-pos"
"553","","",182.0932,0.2025,"depleted in IBD",28,"","","0",0.0698,0.753751938001233,1.2961,1.26,"HILIC-neg"
"200","","",333.9379,0.2014,"enriched in IBD",2,"","","0",0.0024,0.398329738537406,0.2332,18.21,"C18-neg"
"38","","",401.9246,0.2002,"enriched in IBD",2,"","","0",0.0016,0.341218388132764,0.2602,18.21,"C18-neg"
"378","","",355.9587,0.1991,"enriched in IBD",2,"","","0",0.0445,0.513993977147633,0.2053,17.75,"C18-neg"
"514","","",396.348,0.1979,"depleted in IBD",3,"","","0",0.0079,0.640970923506107,0.2676,2.99,"HILIC-neg"
"222","","",263.2359,0.1968,"enriched in IBD",19,"","","0",0.4719,0.748858286113074,0.4176,1.64,"HILIC-pos"
"682","","",333.9382,0.1956,"enriched in IBD",2,"","","0",0.0012,0.193708298487773,0.2729,18.9,"C18-neg"
"713","","",202.027,0.1945,"enriched in IBD",8,"","","0",0.0045,0.594527273319578,0.2625,11.45,"HILIC-neg"
"541","","",249.1607,0.1933,"enriched in IBD",8,"","","0",0.0455,0.658003350045298,0.2544,15.6,"HILIC-neg"
"685","","",300.1178,0.1922,"depleted in IBD",15,"","","0",0.0056,0.72467250526346,0.6936,7.89,"HILIC-pos"
"498","","",427.201,0.191,"depleted in IBD",10,"","","0",7e-04,0.0481328453450555,2.0485,13.17,"C18-neg"
"399","","",751.1471,0.1899,"depleted in IBD",4,"","","0",6e-04,0.0110793573954631,4.4001,4.46,"C8-pos"
"560","","",373.8704,0.1887,"enriched in IBD",13,"","","0",0.001,0.157038926410718,0.3006,12.01,"HILIC-neg"
"352","","",355.9587,0.1876,"enriched in IBD",2,"","","0",0.0152,0.526636936291204,0.2009,16.72,"C18-neg"
"736","","",306.9188,0.1864,"enriched in IBD",2,"","","0",0.0024,0.44723441390725,0.2266,18.39,"C18-neg"
"704","","",355.2523,0.1853,"depleted in IBD",6,"","","0",0.0314,0.323919124756599,0.174,6.12,"C8-pos"
"14","","",318.2901,0.1841,"depleted in IBD",4,"","","0",7e-04,0.133708558605898,2.3901,1.64,"HILIC-pos"
"677","","",151.9953,0.183,"enriched in IBD",2,"","","0",7e-04,0.0276578444186927,0.3706,18.9,"C18-neg"
"768","","",405.1928,0.1818,"depleted in IBD",4,"","","0",6e-04,0.0253607042817325,3.7939,4.46,"C8-pos"
"842","","",156.0123,0.1807,"enriched in IBD",8,"","","0",0.1241,0.746898897610819,0.2886,0.45,"HILIC-neg"
"712","","",208.1173,0.1795,"depleted in IBD",15,"","","0",0.0026,0.658003350045298,0.3373,7.89,"HILIC-pos"
"523","","",220.064,0.1784,"depleted in IBD",0,"","","0",1,0.774170204785395,0.4512,3.77,"HILIC-neg"
"486","","",578.8684,0.1772,"enriched in IBD",2,"","","0",0.0019,0.50882967503859,0.2464,18.36,"C18-neg"
"616","","",287.9713,0.1761,"enriched in IBD",2,"","","0",0.0044,0.454323909152035,0.1963,16.7,"C18-neg"
"104","","",423.9462,0.1749,"enriched in IBD",2,"","","0",0.0076,0.499717959303243,0.1894,16.69,"C18-neg"
"809","","",139.1477,0.1738,"depleted in IBD",4,"","","0",7e-04,0.188403284392116,0.7255,1.64,"HILIC-pos"
"512","","",240.1335,0.1726,"depleted in IBD",15,"","","0",6e-04,0.0924829319075717,1.7087,9.05,"HILIC-pos"
"780","","",164.0351,0.1715,"depleted in IBD",24,"","","0",0.2613,0.815732843371325,1.0076,2.24,"HILIC-neg"
"137","","",385.1473,0.1703,"depleted in IBD",7,"cholestenone","Steroids and steroid derivatives","1",6e-04,1.05529784056475e-05,5.6168,7,"C8-pos"
"389","","",249.9635,0.1692,"enriched in IBD",2,"","","0",0.0127,0.538823210100675,0.1839,16.84,"C18-neg"
"889","","",141.1269,0.168,"depleted in IBD",10,"","","0",6e-04,0.037640666275726,1.0957,1.64,"HILIC-pos"
"358","","",287.9712,0.1669,"enriched in IBD",12,"","","0",0.0097,0.62732911828153,0.2067,17.33,"C18-neg"
"686","","",469.9127,0.1657,"enriched in IBD",29,"","","0",0.1982,0.424855414395182,0.1554,18.8,"C18-neg"
"390","","",321.2391,0.1646,"depleted in IBD",4,"","","0",0.0213,0.239200285032592,0.1498,1.64,"HILIC-pos"
"898","","",445.174,0.1634,"depleted in IBD",10,"","","0",6e-04,0.064790773527674,2.0469,13.17,"C18-neg"
"230","","",126.8797,0.1623,"depleted in IBD",13,"","","0",0.0518,0.388766159953578,0.1516,0.62,"C18-neg"
"419","","",355.9589,0.1611,"enriched in IBD",12,"","","0",0.0058,0.705931879841856,0.2416,17.28,"C18-neg"
"273","","",333.9377,0.16,"enriched in IBD",2,"","","0",0.0019,0.387244596420106,0.1915,18.94,"C18-neg"
"51","","",559.9207,0.1588,"enriched in IBD",2,"","","0",0.0054,0.634169363499629,0.2094,18.35,"C18-neg"
"60","","",220.0961,0.1577,"depleted in IBD",1,"","","0",5e-04,0.00624155240612798,3.4348,4.94,"HILIC-pos"
"603","","",211.1685,0.1565,"enriched in IBD",19,"","","0",0.0186,0.799779283498301,0.3116,1.64,"HILIC-pos"
"494","","",156.0048,0.1554,"enriched in IBD",8,"","","0",0.0029,0.643606559798833,0.2178,13.89,"HILIC-neg"
"823","","",491.9335,0.1542,"enriched in IBD",12,"","","0",0.0101,0.72467250526346,0.2169,17.32,"C18-neg"
"465","","",207.069,0.153,"enriched in IBD",27,"","","0",0.2591,0.836746670095608,0.3203,1.7,"HILIC-neg"
"679","","",473.1807,0.1519,"depleted in IBD",4,"","","0",5e-04,0.0482882015158575,3.2262,4.46,"C8-pos"
"865","","",174.0908,0.1507,"depleted in IBD",1,"","","0",6e-04,0.404630704266168,0.5528,6.5,"HILIC-pos"
"802","","",469.2633,0.1496,"enriched in IBD",18,"","","0",1,0.839103894858978,0.4074,2.94,"HILIC-neg"
"73","","",555.3515,0.1484,"depleted in IBD",22,"","","0",1,0.588929900744469,0.1522,1.17,"HILIC-neg"
"536","","",335.2171,0.1473,"depleted in IBD",10,"","","0",4e-04,0.0274403228223055,3.2007,13.18,"C18-neg"
"148","","",224.1273,0.1461,"depleted in IBD",1,"","","0",4e-04,0.000814064891462996,3.938,4.32,"HILIC-pos"
"757","","",401.9254,0.145,"enriched in IBD",2,"","","0",0.004,0.529098377756457,0.1632,18.94,"C18-neg"
"132","","",451.3186,0.1438,"depleted in IBD",30,"","","0",0.0157,0.804816256633706,0.2628,5.44,"C8-pos"
"656","","",646.8553,0.1427,"enriched in IBD",2,"","","0",0.002,0.655931343196285,0.2167,18.35,"C18-neg"
"666","","",287.9712,0.1415,"enriched in IBD",2,"","","0",0.001,0.431966701807243,0.218,16.48,"C18-neg"
"35","","",214.081,0.1404,"enriched in IBD",8,"","","0",0.0078,0.800503433378941,0.2611,0.46,"HILIC-neg"
"897","","",165.1269,0.1392,"depleted in IBD",3,"","","0",4e-04,0.0178308757850705,0.8053,2.35,"HILIC-pos"
"615","","",193.0528,0.1381,"depleted in IBD",1,"","","0",0.0011,0.527411391463814,0.2175,3.84,"HILIC-neg"
"377","","",206.138,0.1369,"depleted in IBD",3,"","","0",7e-04,0.495983894155872,0.2717,3.7,"HILIC-pos"
"443","","",153.1633,0.1358,"depleted in IBD",4,"","","0",5e-04,0.28504916193148,0.8056,1.64,"HILIC-pos"
"450","","",469.9127,0.1346,"enriched in IBD",2,"","","0",0.0021,0.533050462746999,0.1622,18.96,"C18-neg"
"370","","",555.1845,0.1335,"depleted in IBD",4,"","","0",4e-04,0.0211165699730294,3.4491,4.46,"C8-pos"
"8","","",225.1479,0.1323,"depleted in IBD",3,"","","0",4e-04,0.0711703879287744,1.3379,1.77,"HILIC-pos"
"36","","",300.1179,0.1312,"depleted in IBD",15,"","","0",0.0051,0.864422438033699,0.4356,7.79,"HILIC-pos"
"866","","",168.98,0.13,"depleted in IBD",1,"","","0",0.0053,0.847222794261301,0.3304,0.74,"C18-neg"
"729","","",295.892,0.1289,"enriched in IBD",8,"","","0",0.0011,0.634169363499629,0.211,11.75,"HILIC-neg"
"726","","",193.0532,0.1277,"depleted in IBD",8,"","","0",0.0298,0.753751938001233,0.1834,5.08,"HILIC-neg"
"583","","",167.1789,0.1266,"depleted in IBD",19,"","","0",4e-04,0.269642994675706,1.3764,1.64,"HILIC-pos"
"740","","",221.0445,0.1254,"depleted in IBD",1,"","","0",4e-04,0.0809338938841145,2.132,1.18,"C18-neg"
"367","","",202.027,0.1243,"enriched in IBD",8,"","","0",0.0031,0.663828930903379,0.1712,11.71,"HILIC-neg"
"900","","",306.9191,0.1231,"enriched in IBD",2,"","","0",0.0011,0.55772400004886,0.1861,18.21,"C18-neg"
"297","","",401.9253,0.122,"enriched in IBD",2,"","","0",0.0024,0.659219954846539,0.1752,18.35,"C18-neg"
"172","","",321.2405,0.1208,"depleted in IBD",4,"","","0",4e-04,0.0611415290144868,2.0607,5.63,"C8-pos"
"103","","",300.0729,0.1197,"depleted in IBD",13,"","","0",1,0.667491630115775,0.1379,7.12,"HILIC-neg"
"502","","",559.921,0.1185,"depleted in IBD",2,"","","0",0.0025,0.424855414395182,0.1301,17.87,"C18-neg"
"878","","",313.2738,0.1174,"depleted in IBD",6,"","","0",0.0085,0.249691183784957,0.1053,6.12,"C8-pos"
"662","","",299.25,0.1162,"depleted in IBD",4,"","","0",3e-04,0.0756568248158119,1.9199,1.65,"HILIC-pos"
"126","","",202.0278,0.1151,"enriched in IBD",30,"","","0",0.0029,0.837531166747669,0.2245,13.47,"HILIC-neg"
"855","","",355.959,0.1139,"enriched in IBD",2,"","","0",0.0015,0.636207692192405,0.1612,16.47,"C18-neg"
"750","","",295.892,0.1128,"enriched in IBD",8,"","","0",0.0012,0.747374648625378,0.207,11.87,"HILIC-neg"
"631","","",176.0431,0.1116,"enriched in IBD",18,"","","0",0.0542,0.753632211822262,0.1405,2.79,"HILIC-neg"
"397","","",297.1524,0.1105,"enriched in IBD",2,"","","0",6e-04,0.304232471325477,0.1928,18.89,"C18-neg"
"299","","",295.8921,0.1093,"depleted in IBD",22,"","","0",3e-04,0.151335163263853,0.4115,10.9,"HILIC-neg"
"874","","",237.9516,0.1082,"enriched in IBD",13,"","","0",0.0052,0.643700628564209,0.1188,10.53,"HILIC-neg"
"284","","",377.15,0.107,"enriched in IBD",1,"","","0",0.0033,0.869031342365566,0.22,5.15,"C18-neg"
"455","","",172.8667,0.1059,"depleted in IBD",13,"","","0",0.0395,0.753632211822262,0.1277,0.62,"C18-neg"
"351","","",225.185,0.1047,"depleted in IBD",4,"","","0",3e-04,0.0605600389907689,3.107,4.45,"C8-pos"
"718","","",341.3054,0.1036,"depleted in IBD",6,"","","0",0.0026,0.486497818391596,0.0998,6.13,"C8-pos"
"18","","",214.0792,0.1024,"depleted in IBD",8,"","","0",0.0064,0.578817958034732,0.0952,2.49,"HILIC-neg"
"690","","",145.9253,0.1013,"enriched in IBD",24,"","","0",0.0049,0.869031342365566,0.1838,16.1,"C18-neg"
"323","","",151.9952,0.1001,"enriched in IBD",12,"","","0",0.0013,0.839103894858978,0.1866,18.96,"C18-neg"
"843","","",74.0979,0.099,"depleted in IBD",11,"carnosol","Prenol lipids","1",3e-04,0.1472042642582,1.0877,2.98,"HILIC-pos"
"876","","",281.2464,0.0978,"enriched in IBD",19,"","","0",1,0.770828368953646,0.1161,1.64,"HILIC-pos"
"263","","",208.0727,0.0967,"depleted in IBD",27,"","","0",0.043,0.893178790636104,0.2144,1.67,"HILIC-neg"
"444","","",351.6388,0.0955,"enriched in IBD",12,"","","0",5e-04,0.770190817157351,0.2638,3.4,"C8-pos"
"312","","",211.1696,0.0944,"depleted in IBD",4,"","","0",3e-04,0.0221483471114503,3.2533,4.46,"C8-pos"
"567","","",129.102,0.0932,"depleted in IBD",1,"","","0",3e-04,0.162568822580862,1.9516,8.31,"HILIC-pos"
"464","","",176.043,0.0921,"enriched in IBD",12,"","","0",3e-04,0.503683625404829,0.5291,6.97,"HILIC-neg"
"839","","",109.0648,0.0909,"depleted in IBD",7,"cholestenone","Steroids and steroid derivatives","1",2e-04,0.0251877502119391,2.2738,1.68,"HILIC-pos"
"168","","",620.5617,0.0898,"depleted in IBD",17,"","","0",0.55,0.919369539467962,0.3169,8.86,"C8-pos"
"501","","",321.2098,0.0886,"enriched in IBD",30,"","","0",0.0983,0.881853011355719,0.1579,17.38,"C18-neg"
"811","","",265.2428,0.0875,"depleted in IBD",4,"","","0",3e-04,0.641114361421861,0.6586,1.64,"HILIC-pos"
"166","","",202.0268,0.0863,"enriched in IBD",8,"","","0",0.0031,0.874425122216018,0.1656,11.47,"HILIC-neg"
"339","","",214.0811,0.0852,"enriched in IBD",18,"","","0",0.1899,0.74505050787873,0.087,15.2,"HILIC-neg"
"211","","",197.1529,0.084,"enriched in IBD",19,"","","0",0.0158,0.874425122216018,0.1393,1.64,"HILIC-pos"
"483","","",97.1013,0.0829,"depleted in IBD",19,"","","0",0.0045,0.390063380848101,0.0728,1.64,"HILIC-pos"
"316","","",214.0811,0.0817,"enriched in IBD",18,"","","0",0.1301,0.499717959303243,0.0674,15.13,"HILIC-neg"
"41","","",300.0732,0.0806,"depleted in IBD",12,"","","0",0.0253,0.810537168197242,0.0948,7.01,"HILIC-neg"
"672","","",468.2773,0.0794,"depleted in IBD",20,"","","0",0.229,0.930477838130469,0.267,14.1,"C18-neg"
"451","","",141.0905,0.0783,"depleted in IBD",3,"","","0",2e-04,0.0889745507032317,1.2905,2.36,"HILIC-pos"
"175","","",251.113,0.0771,"depleted in IBD",30,"","","0",0.0038,0.869031342365566,0.1267,8.9,"HILIC-pos"
"856","","",208.0725,0.0759,"enriched in IBD",8,"","","0",6e-04,0.865754998865568,0.1954,15.56,"HILIC-neg"
"10","","",283.2277,0.0748,"depleted in IBD",10,"","","0",2e-04,0.0924829319075717,1.167,12.52,"C18-neg"
"118","","",214.0801,0.0736,"enriched in IBD",18,"","","0",0.1584,0.930477838130469,0.2176,15.13,"HILIC-neg"
"136","","",176.0429,0.0725,"enriched in IBD",8,"","","0",2e-04,0.233606963615362,0.2676,13.93,"HILIC-neg"
"105","","",355.9586,0.0713,"enriched in IBD",2,"","","0",0.0064,0.893178790636104,0.1374,16.59,"C18-neg"
"496","","",321.2404,0.0702,"depleted in IBD",4,"","","0",3e-04,0.612644895096441,0.149,5.45,"C8-pos"
"719","","",287.9714,0.069,"enriched in IBD",2,"","","0",0.0012,0.892950732141963,0.151,17.03,"C18-neg"
"688","","",359.3158,0.0679,"depleted in IBD",6,"","","0",0.0146,0.436613279329291,0.0624,6.12,"C8-pos"
"469","","",287.9542,0.0667,"enriched in IBD",2,"","","0",2e-04,0.076929632154413,0.6734,17.58,"C18-neg"
"470","","",170.0822,0.0656,"enriched in IBD",12,"","","0",0.0075,0.744472190692073,0.0659,5.55,"HILIC-neg"
"356","","",297.2433,0.0644,"depleted in IBD",10,"","","0",2e-04,0.143481644346938,0.2776,14.68,"C18-neg"
"733","","",322.2727,0.0633,"enriched in IBD",19,"","","0",0.0074,0.934146794536029,0.284,1.63,"HILIC-pos"
"32","","",401.3415,0.0621,"enriched in IBD",7,"cholestenone","Steroids and steroid derivatives","1",6e-04,0.869031342365566,0.1318,6.01,"C8-pos"
"101","","",1092.3704,0.061,"enriched in IBD",6,"","","0",0.0459,0.93786818241195,0.2651,6.13,"C8-pos"
"336","","",274.1425,0.0598,"depleted in IBD",1,"","","0",2e-04,0.0110793573954631,2.9448,7.9,"HILIC-pos"
"340","","",193.1581,0.0587,"enriched in IBD",19,"","","0",0.0188,0.535427100717674,0.0605,1.64,"HILIC-pos"
"84","","",376.342,0.0575,"enriched in IBD",6,"","","0",0.0023,0.869031342365566,0.0866,6.13,"C8-pos"
"237","","",344.1115,0.0564,"enriched in IBD",5,"","","0",0.0471,0.952759427705451,0.8628,2.33,"HILIC-pos"
"407","","",259.2044,0.0552,"depleted in IBD",3,"","","0",2e-04,0.301139910670152,0.7709,4.59,"C8-pos"
"223","","",245.2255,0.0541,"enriched in IBD",19,"","","0",0.0851,0.551750011323365,0.0532,1.64,"HILIC-pos"
"755","","",559.9209,0.0529,"enriched in IBD",2,"","","0",0.0029,0.930649286312258,0.1402,18.07,"C18-neg"
"563","","",207.1374,0.0518,"depleted in IBD",3,"","","0",2e-04,0.177549470781873,0.8442,3.51,"HILIC-pos"
"179","","",214.0811,0.0506,"enriched in IBD",12,"","","0",0.0087,0.914623344585776,0.0827,5.54,"HILIC-neg"
"836","","",401.9243,0.0495,"enriched in IBD",2,"","","0",0.0013,0.914623344585776,0.0911,17.93,"C18-neg"
"849","","",315.2539,0.0483,"enriched in IBD",22,"","","0",0.0363,0.919369539467962,0.0796,11.65,"C18-neg"
"247","","",401.9253,0.0472,"enriched in IBD",2,"","","0",0.0015,0.930649286312258,0.1166,18.31,"C18-neg"
"245","","",201.9893,0.046,"enriched in IBD",18,"","","0",0.4714,0.961278008869563,0.1838,15.3,"HILIC-neg"
"238","","",295.8921,0.0449,"enriched in IBD",27,"","","0",0.0221,0.902584979528837,0.0652,12.17,"HILIC-neg"
"428","","",137.9738,0.0437,"enriched in IBD",8,"","","0",2e-04,0.0127859784303706,1.8404,18.92,"C18-neg"
"585","","",128.8767,0.0426,"enriched in IBD",13,"","","0",0.0379,0.84572935869638,0.0467,0.62,"C18-neg"
"329","","",179.1424,0.0414,"enriched in IBD",19,"","","0",0.0224,0.658003350045298,0.044,1.65,"HILIC-pos"
"556","","",423.946,0.0403,"enriched in IBD",2,"","","0",0.0028,0.945552914926203,0.1182,16.6,"C18-neg"
"617","","",98.0602,0.0391,"enriched in IBD",12,"","","0",2e-04,0.308619398852244,0.8086,7.44,"HILIC-pos"
"164","","",260.9066,0.038,"enriched in IBD",2,"","","0",3e-04,0.705931879841856,0.0621,17.03,"C18-neg"
"641","","",261.0071,0.0368,"depleted in IBD",14,"","","0",1,0.753751938001233,0.0423,9.16,"HILIC-neg"
"597","","",104.9525,0.0357,"enriched in IBD",2,"","","0",2e-04,0.62732911828153,0.1445,16.81,"C18-neg"
"246","","",343.2125,0.0345,"depleted in IBD",24,"","","0",0.0887,0.696591889600845,0.0421,9.91,"C18-neg"
"826","","",197.1893,0.0334,"depleted in IBD",10,"","","0",2e-04,0.0422395675401226,1.4915,1.65,"HILIC-pos"
"187","","",415.1793,0.0322,"depleted in IBD",1,"","","0",0.0152,0.900490765505617,0.0463,5.15,"C18-neg"
"124","","",176.045,0.0311,"enriched in IBD",8,"","","0",0.0016,0.966046956753727,0.2408,5.08,"HILIC-neg"
"775","","",221.2265,0.0299,"depleted in IBD",4,"","","0",1e-04,0.00683232122194873,3.522,4.46,"C8-pos"
"82","","",833.7349,0.0288,"depleted in IBD",24,"","","0",0.4535,0.971190910561282,0.3928,11.91,"C8-pos"
"517","","",296.8853,0.0276,"enriched in IBD",18,"","","0",0.0989,0.962794341225718,0.0758,13.54,"HILIC-neg"
"170","","",239.1996,0.0265,"enriched in IBD",19,"","","0",0.0043,0.971190910561282,0.237,1.65,"HILIC-pos"
"225","","",299.2572,0.0253,"depleted in IBD",4,"","","0",1e-04,0.000741244983421645,4.1224,3.17,"HILIC-pos"
"109","","",306.0999,0.0242,"depleted in IBD",18,"","","0",0.1972,0.544548909767966,0.0377,1.65,"HILIC-neg"
"748","","",167.1062,0.023,"depleted in IBD",3,"","","0",1e-04,0.0378408399010388,0.8016,4.36,"HILIC-pos"
"698","","",156.9951,0.0219,"enriched in IBD",13,"","","0",0.0116,0.395403059231995,0.0365,14.7,"C18-neg"
"634","","",201.9894,0.0207,"enriched in IBD",18,"","","0",0.1652,0.975516977680061,0.2204,15.2,"HILIC-neg"
"64","","",254.1108,0.0196,"depleted in IBD",15,"","","0",1e-04,0.0400202224578393,1.9995,7.83,"HILIC-pos"
"106","","",225.0579,0.0184,"depleted in IBD",13,"","","0",0.1297,0.980072320664202,0.4517,4.75,"HILIC-neg"
"754","","",261.0073,0.0173,"depleted in IBD",14,"","","0",0.0533,0.962794341225718,0.0385,0.99,"C18-neg"
"576","","",374.9064,0.0161,"enriched in IBD",2,"","","0",0.0012,0.620254906380092,0.0361,18.33,"C18-neg"
"125","","",134.0808,0.015,"depleted in IBD",0,"","","0",1,0.971190910561282,0.0413,7.6,"HILIC-pos"
"817","","",299.2572,0.0138,"depleted in IBD",4,"","","0",1e-04,2.58591213143397e-05,4.0899,2.99,"HILIC-pos"
"130","","",96.9772,0.0127,"enriched in IBD",18,"","","0",0.0125,0.822263159043105,0.0345,14.04,"HILIC-neg"
"50","","",333.9382,0.0115,"enriched in IBD",2,"","","0",0.0026,0.983725660445263,0.1041,18.31,"C18-neg"
"742","","",513.1604,0.0104,"depleted in IBD",10,"","","0",1e-04,0.0952751848532663,2.6334,13.15,"C18-neg"
"830","","",509.3117,0.0092,"depleted in IBD",3,"","","0",0.1363,0.99090458952431,1.0754,9.25,"HILIC-neg"
"695","","",225.8967,0.0081,"enriched in IBD",13,"","","0",0.2349,0.837531166747669,0.0308,0.62,"C18-neg"
"782","","",141.0905,0.0069,"depleted in IBD",10,"","","0",0,0.176104437639867,0.9818,1.65,"HILIC-pos"
"177","","",111.1168,0.0058,"enriched in IBD",19,"","","0",0.0058,0.575176782844743,0.0236,1.64,"HILIC-pos"
"338","","",202.0269,0.0046,"enriched in IBD",8,"","","0",0.0034,0.99188896635613,0.1338,11.93,"HILIC-neg"
"280","","",71.0851,0.0035,"depleted in IBD",4,"","","0",0,0.00779402690926328,2.3887,1.64,"HILIC-pos"
"181","","",83.0859,0.0023,"enriched in IBD",19,"","","0",0.0033,0.477653119409616,0.0101,1.64,"HILIC-pos"
"412","","",236.992,0.0012,"enriched in IBD",8,"","","0",1,0.993661302426176,0.1136,10.09,"HILIC-neg"
