"Method","RT","m.z","HMDB.ID","Metabolite","Cor.QI.Genedata","Compound","gd_RT","gd_m.z"
"C8-pos",9.4,790.632,"HMDB08036","C36:0 PC",NA,"",NA,NA
"C8-pos",7,385.3465,"HMDB00921","cholestenone",0.997,"C8-pos_Cluster_0478",7.006923252,385.3462433
"C8-pos",7,407.3285,"HMDB00921","cholestenone",0.974,"C8-pos_Cluster_0554",7.008067632,407.3282888
"C8-pos",7,425.3392,"HMDB00921","cholestenone",0.988,"C8-pos_Cluster_0629",7.005191338,425.3389773
"C8-pos",7,443.3997,"HMDB00921","cholestenone",0.977,"C8-pos_Cluster_0705",7.00323382,443.399209
"C8-pos",7,769.6855,"HMDB00921","cholestenone",1,"C8-pos_Cluster_1849",7.003780747,769.6843257
"C8-pos",7,791.6675,"HMDB00921","cholestenone",0.994,"C8-pos_Cluster_1900",7.005319342,791.6676709
"C8-pos",7.5,243.2107,"","",0.986,"C8-pos_Cluster_0071",7.499549822,243.2104174
"C8-pos",4.45,245.2266,"","",0.977,"C8-pos_Cluster_0074",4.459301377,245.2263108
"C8-pos",4.45,253.2527,"","",0.982,"C8-pos_Cluster_0084",4.471874163,253.2524675
"C8-pos",4.45,263.2371,"","",0.963,"C8-pos_Cluster_0090",4.459224897,263.2368044
"C8-pos",4.45,281.2477,"","",0.961,"C8-pos_Cluster_0121",4.461793511,281.2475131
"C8-pos",4.45,299.2582,"","",0.96,"C8-pos_Cluster_0165",4.472064016,299.2578092
"C8-pos",4.45,313.2738,"","",0.979,"C8-pos_Cluster_0222",4.471834327,313.273388
"C8-pos",4.45,316.2847,"","",0.978,"C8-pos_Cluster_0230",4.473049788,316.2842879
"C8-pos",4.45,321.2401,"","",0.978,"C8-pos_Cluster_0248",4.470860856,321.2396306
"C8-pos",6.12,323.2262,"","",0.966,"C8-pos_Cluster_0259",6.1362223,323.225885
"C8-pos",6.13,329.2429,"","",0.981,"C8-pos_Cluster_0281",6.13249558,329.2426493
"C8-pos",4.45,330.3004,"","",0.98,"C8-pos_Cluster_0282",4.462532615,330.2999373
"C8-pos",7.5,369.3517,"","",0.987,"C8-pos_Cluster_0417",7.501618782,369.3510045
"C8-pos",7.74,383.3674,"","",0.986,"C8-pos_Cluster_0472",7.757448197,383.3666941
"C8-pos",7.5,387.3621,"","",0.989,"C8-pos_Cluster_0481",7.500627418,387.3612335
"C8-pos",6.13,391.2134,"","",0.938,"C8-pos_Cluster_0484",6.136621868,391.2129345
"C8-pos",6.13,397.2303,"","",0.952,"C8-pos_Cluster_0512",6.135423276,397.2302615
"C8-pos",8.02,397.383,"","",0.988,"C8-pos_Cluster_0516",8.019979484,397.3823498
"C8-pos",12.95,399.3991,"","",0.969,"C8-pos_Cluster_0529",12.9467772,399.3986767
"C8-pos",8.58,401.3779,"","",0.99,"C8-pos_Cluster_0539",8.590563541,401.3775941
"C8-pos",7.75,401.378,"","",0.989,"C8-pos_Cluster_0538",7.75615947,401.3775187
"C8-pos",7.5,401.378,"","",0.942,"C8-pos_Cluster_0537",7.49429244,401.3812563
"C8-pos",7.5,404.3889,"","",0.989,"C8-pos_Cluster_0545",7.500512734,404.3882574
"C8-pos",7.5,409.3442,"","",0.983,"C8-pos_Cluster_0564",7.502331303,409.3434695
"C8-pos",4.45,411.2097,"","",0.962,"C8-pos_Cluster_0574",4.462413536,411.209053
"C8-pos",8.01,415.3935,"","",0.99,"C8-pos_Cluster_0593",8.01887049,415.3934484
"C8-pos",6.99,416.389,"","",0.939,"C8-pos_Cluster_0595",6.998685788,416.3891552
"C8-pos",7.75,418.4046,"","",0.985,"C8-pos_Cluster_0603",7.75545006,418.4038655
"C8-pos",7.75,423.36,"","",0.988,"C8-pos_Cluster_0622",7.755801225,423.3587696
"C8-pos",7.49,425.3181,"","",0.939,"C8-pos_Cluster_0630",7.500036869,425.3185224
"C8-pos",7.5,427.3549,"","",0.979,"C8-pos_Cluster_0643",7.501693113,427.3542368
"C8-pos",8.01,432.4203,"","",0.988,"C8-pos_Cluster_0664",8.017561329,432.41862
"C8-pos",7.82,435.3599,"","",0.978,"C8-pos_Cluster_0681",7.833330813,435.3601269
"C8-pos",7.63,435.3599,"","",0.868,"C8-pos_Cluster_0680",7.636296854,435.3591894
"C8-pos",8.02,437.3756,"","",0.988,"C8-pos_Cluster_0690",8.020416868,437.3749517
"C8-pos",7.5,441.3705,"","",0.949,"C8-pos_Cluster_0701",7.495781509,441.3698146
"C8-pos",8.02,455.3862,"","",0.977,"C8-pos_Cluster_0772",8.020194738,455.3858544
"C8-pos",4.46,479.1973,"","",0.952,"C8-pos_Cluster_0826",4.463416675,479.1970209
"C8-pos",6.15,523.3378,"","",0.944,"C8-pos_Cluster_0948",6.150800682,523.3377447
"C8-pos",4.45,534.323,"","",0.934,"C8-pos_Cluster_0985",4.460482394,534.322433
"C8-pos",10.07,543.4929,"","",0.967,"C8-pos_Cluster_1017",10.07828732,543.4926241
"C8-pos",10.3,562.535,"","",0.982,"C8-pos_Cluster_1069",10.31311258,562.5365948
"C8-pos",10.06,567.4564,"","",0.88,"C8-pos_Cluster_1088",10.05908438,567.4564476
"C8-pos",10.3,567.4906,"","",0.973,"C8-pos_Cluster_1089",10.32162454,567.4929746
"C8-pos",6.45,573.4121,"","",0.973,"C8-pos_Cluster_1106",6.465463105,573.4129147
"C8-pos",10.3,583.4647,"","",0.979,"C8-pos_Cluster_1151",10.3090542,583.464747
"C8-pos",9.96,599.4823,"","",0.704,"C8-pos_Cluster_1218",9.932607583,599.4878036
"C8-pos",6.13,607.4978,"","",0.986,"C8-pos_Cluster_1255",6.130732031,607.4949306
"C8-pos",6.13,613.5145,"","",0.981,"C8-pos_Cluster_1283",6.131300642,613.5142996
"C8-pos",4.45,619.4911,"","",0.984,"C8-pos_Cluster_1299",4.471663678,619.4901447
"C8-pos",6.99,620.411,"","",0.918,"C8-pos_Cluster_1304",7.008444398,620.4105136
"C8-pos",8.86,620.5617,"","",0.988,"C8-pos_Cluster_1305",8.865417833,620.5610975
"C8-pos",10.06,621.4646,"","",0.753,"C8-pos_Cluster_1307",10.0587201,621.4641126
"C8-pos",7.47,622.4267,"","",0.882,"C8-pos_Cluster_1311",7.476792187,622.4270513
"C8-pos",6.13,635.4964,"","",0.957,"C8-pos_Cluster_1355",6.133066348,635.4959527
"C8-pos",4.45,641.473,"","",0.978,"C8-pos_Cluster_1374",4.457055771,641.4717696
"C8-pos",7.83,648.4421,"","",0.828,"C8-pos_Cluster_1398",7.83596679,648.4483924
"C8-pos",10.15,653.5636,"","",0.923,"C8-pos_Cluster_1421",10.16256523,653.5700371
"C8-pos",6.13,697.4669,"","",0.911,"C8-pos_Cluster_1632",6.133263757,697.4660804
"C8-pos",6.13,703.4836,"","",0.904,"C8-pos_Cluster_1660",6.133839601,703.4829055
"C8-pos",6.15,761.6033,"","",0.925,"C8-pos_Cluster_1823",6.150538166,761.603229
"C8-pos",6.13,765.4544,"","",0.845,"C8-pos_Cluster_1831",6.133492621,765.4534882
"C8-pos",6.13,771.4714,"","",0.881,"C8-pos_Cluster_1850",6.133643918,771.4721051
"C8-pos",7.5,773.7169,"","",0.988,"C8-pos_Cluster_1857",7.500425459,773.7120474
"C8-pos",7.49,795.699,"","",0.979,"C8-pos_Cluster_1909",7.499071826,795.6986541
"C8-pos",7.51,821.7145,"","",0.992,"C8-pos_Cluster_1981",7.521373607,821.7139879
"C8-pos",8.02,851.7614,"","",0.986,"C8-pos_Cluster_2071",8.022329298,851.7610384
"C8-pos",6.12,935.7331,"","",0.961,"C8-pos_Cluster_2310",6.127025901,935.7309743
"C8-pos",6.13,941.7488,"","",0.799,"C8-pos_Cluster_2324",6.14271362,941.748274
"C8-pos",6.13,1009.738,"","",0.916,"C8-pos_Cluster_2407",6.131252019,1009.737462
"C8-pos",6.12,1077.7253,"","",0.791,"C8-pos_Cluster_2434",6.132702872,1077.724173
"C8-pos",NA,NA,"","",NA,"C8-pos_Cluster_0652",7.404843763,430.3824849
"C8-pos",4.46,211.1696,"","",NA,"",NA,NA
"C8-pos",7.5,217.1952,"","",NA,"",NA,NA
"C8-pos",4.43,219.1744,"","",NA,"",NA,NA
"C8-pos",4.46,221.2265,"","",NA,"",NA,NA
"C8-pos",4.45,225.185,"","",NA,"",NA,NA
"C8-pos",4.46,235.2421,"","",NA,"",NA,NA
"C8-pos",4.59,259.2044,"","",NA,"",NA,NA
"C8-pos",3.88,285.1853,"","",NA,"",NA,NA
"C8-pos",4.4,287.2006,"","",NA,"",NA,NA
"C8-pos",4.46,301.2646,"","",NA,"",NA,NA
"C8-pos",3.34,303.1956,"","",NA,"",NA,NA
"C8-pos",6.12,307.2612,"","",NA,"",NA,NA
"C8-pos",6.12,313.2738,"","",NA,"",NA,NA
"C8-pos",4.45,315.2803,"","",NA,"",NA,NA
"C8-pos",5.45,321.2404,"","",NA,"",NA,NA
"C8-pos",5.63,321.2405,"","",NA,"",NA,NA
"C8-pos",6.12,321.2406,"","",NA,"",NA,NA
"C8-pos",4.45,323.2465,"","",NA,"",NA,NA
"C8-pos",2.76,325.1412,"","",NA,"",NA,NA
"C8-pos",10.3,327.3035,"","",NA,"",NA,NA
"C8-pos",3.88,331.1906,"","",NA,"",NA,NA
"C8-pos",4.46,337.2139,"","",NA,"",NA,NA
"C8-pos",6.13,341.2366,"","",NA,"",NA,NA
"C8-pos",6.13,341.3054,"","",NA,"",NA,NA
"C8-pos",4.45,343.2221,"","",NA,"",NA,NA
"C8-pos",2.71,350.2284,"","",NA,"",NA,NA
"C8-pos",6.14,351.251,"","",NA,"",NA,NA
"C8-pos",3.4,351.6388,"","",NA,"",NA,NA
"C8-pos",3.88,353.1725,"","",NA,"",NA,NA
"C8-pos",6.12,355.2523,"","",NA,"",NA,NA
"C8-pos",4.45,357.311,"","",NA,"",NA,NA
"C8-pos",3.71,359.2558,"","",NA,"",NA,NA
"C8-pos",6.12,359.3158,"","",NA,"",NA,NA
"C8-pos",3.31,368.0878,"","",NA,"",NA,NA
"C8-pos",6.12,369.2315,"","",NA,"",NA,NA
"C8-pos",7.5,371.3583,"","",NA,"",NA,NA
"C8-pos",6.13,376.342,"","",NA,"",NA,NA
"C8-pos",6.97,381.352,"","",NA,"",NA,NA
"C8-pos",6.12,383.247,"","",NA,"",NA,NA
"C8-pos",6.52,383.3311,"","",NA,"",NA,NA
"C8-pos",7,385.1473,"","",NA,"",NA,NA
"C8-pos",7,387.353,"","",NA,"",NA,NA
"C8-pos",7.5,389.3688,"","",NA,"",NA,NA
"C8-pos",6.01,401.3415,"","",NA,"",NA,NA
"C8-pos",4.46,405.1928,"","",NA,"",NA,NA
"C8-pos",6.12,405.2291,"","",NA,"",NA,NA
"C8-pos",6.52,405.3128,"","",NA,"",NA,NA
"C8-pos",7,409.3351,"","",NA,"",NA,NA
"C8-pos",6.13,411.246,"","",NA,"",NA,NA
"C8-pos",7.5,411.3509,"","",NA,"",NA,NA
"C8-pos",10.12,411.3623,"","",NA,"",NA,NA
"C8-pos",4.66,414.358,"","",NA,"",NA,NA
"C8-pos",7.75,415.3938,"","",NA,"",NA,NA
"C8-pos",8.02,417.4003,"","",NA,"",NA,NA
"C8-pos",7.5,418.4046,"","",NA,"",NA,NA
"C8-pos",6.99,423.3025,"","",NA,"",NA,NA
"C8-pos",6.11,428.8909,"","",NA,"",NA,NA
"C8-pos",8.02,429.4093,"","",NA,"",NA,NA
"C8-pos",7.63,430.4045,"","",NA,"",NA,NA
"C8-pos",7,430.4045,"","",NA,"",NA,NA
"C8-pos",7.77,435.3816,"","",NA,"",NA,NA
"C8-pos",7.75,441.3706,"","",NA,"",NA,NA
"C8-pos",5.64,441.3717,"","",NA,"",NA,NA
"C8-pos",7.05,443.3307,"","",NA,"",NA,NA
"C8-pos",7.49,446.3995,"","",NA,"",NA,NA
"C8-pos",5.44,451.3186,"","",NA,"",NA,NA
"C8-pos",10.31,463.4297,"","",NA,"",NA,NA
"C8-pos",4.83,469.2924,"","",NA,"",NA,NA
"C8-pos",8.02,469.4021,"","",NA,"",NA,NA
"C8-pos",4.46,473.1807,"","",NA,"",NA,NA
"C8-pos",7,475.316,"","",NA,"",NA,NA
"C8-pos",6.99,484.4149,"","",NA,"",NA,NA
"C8-pos",4.96,495.3088,"","",NA,"",NA,NA
"C8-pos",5.36,497.3238,"","",NA,"",NA,NA
"C8-pos",7,506.3974,"","",NA,"",NA,NA
"C8-pos",6.4,524.4055,"","",NA,"",NA,NA
"C8-pos",9.57,535.43,"","",NA,"",NA,NA
"C8-pos",10.06,535.4304,"","",NA,"",NA,NA
"C8-pos",9.57,536.438,"","",NA,"",NA,NA
"C8-pos",10.06,536.438,"","",NA,"",NA,NA
"C8-pos",4.45,541.1679,"","",NA,"",NA,NA
"C8-pos",3.47,542.1803,"","",NA,"",NA,NA
"C8-pos",8.98,543.4925,"","",NA,"",NA,NA
"C8-pos",10.3,545.5084,"","",NA,"",NA,NA
"C8-pos",10.38,545.5254,"","",NA,"",NA,NA
"C8-pos",4.46,547.1849,"","",NA,"",NA,NA
"C8-pos",10.06,551.4254,"","",NA,"",NA,NA
"C8-pos",11.85,551.5037,"","",NA,"",NA,NA
"C8-pos",9.09,553.4402,"","",NA,"",NA,NA
"C8-pos",9.96,553.4403,"","",NA,"",NA,NA
"C8-pos",10.06,553.4412,"","",NA,"",NA,NA
"C8-pos",4.46,555.1845,"","",NA,"",NA,NA
"C8-pos",10.38,562.5552,"","",NA,"",NA,NA
"C8-pos",9.88,563.4608,"","",NA,"",NA,NA
"C8-pos",10.14,565.4755,"","",NA,"",NA,NA
"C8-pos",3.88,566.2555,"","",NA,"",NA,NA
"C8-pos",10.5,567.4907,"","",NA,"",NA,NA
"C8-pos",10.38,567.5108,"","",NA,"",NA,NA
"C8-pos",6.45,568.4557,"","",NA,"",NA,NA
"C8-pos",9.87,571.4879,"","",NA,"",NA,NA
"C8-pos",3.71,572.3387,"","",NA,"",NA,NA
"C8-pos",8.23,573.4867,"","",NA,"",NA,NA
"C8-pos",9.14,576.5143,"","",NA,"",NA,NA
"C8-pos",10.3,576.5498,"","",NA,"",NA,NA
"C8-pos",3.01,577.3677,"","",NA,"",NA,NA
"C8-pos",8.98,578.5296,"","",NA,"",NA,NA
"C8-pos",7,580.5087,"","",NA,"",NA,NA
"C8-pos",9.14,581.4696,"","",NA,"",NA,NA
"C8-pos",8.82,581.4701,"","",NA,"",NA,NA
"C8-pos",7,582.5246,"","",NA,"",NA,NA
"C8-pos",10.05,583.4517,"","",NA,"",NA,NA
"C8-pos",10.5,583.4649,"","",NA,"",NA,NA
"C8-pos",8.97,583.486,"","",NA,"",NA,NA
"C8-pos",10.06,597.4672,"","",NA,"",NA,NA
"C8-pos",10.07,598.4735,"","",NA,"",NA,NA
"C8-pos",8.91,599.48,"","",NA,"",NA,NA
"C8-pos",7.68,599.4807,"","",NA,"",NA,NA
"C8-pos",8.72,601.5173,"","",NA,"",NA,NA
"C8-pos",7,602.4908,"","",NA,"",NA,NA
"C8-pos",9.02,603.5325,"","",NA,"",NA,NA
"C8-pos",7,604.5075,"","",NA,"",NA,NA
"C8-pos",9.95,607.4477,"","",NA,"",NA,NA
"C8-pos",10.06,607.449,"","",NA,"",NA,NA
"C8-pos",4.46,609.1552,"","",NA,"",NA,NA
"C8-pos",6.15,610.3127,"","",NA,"",NA,NA
"C8-pos",4.46,615.1722,"","",NA,"",NA,NA
"C8-pos",8.74,618.5449,"","",NA,"",NA,NA
"C8-pos",8.56,618.546,"","",NA,"",NA,NA
"C8-pos",8.34,621.486,"","",NA,"",NA,NA
"C8-pos",9.57,622.4685,"","",NA,"",NA,NA
"C8-pos",8.66,623.5015,"","",NA,"",NA,NA
"C8-pos",9.87,625.496,"","",NA,"",NA,NA
"C8-pos",6.13,629.4794,"","",NA,"",NA,NA
"C8-pos",9.42,629.4923,"","",NA,"",NA,NA
"C8-pos",10.05,629.4934,"","",NA,"",NA,NA
"C8-pos",9.94,631.4736,"","",NA,"",NA,NA
"C8-pos",7.76,636.4423,"","",NA,"",NA,NA
"C8-pos",10.07,637.4386,"","",NA,"",NA,NA
"C8-pos",10.15,648.608,"","",NA,"",NA,NA
"C8-pos",8.03,650.458,"","",NA,"",NA,NA
"C8-pos",9.98,651.5886,"","",NA,"",NA,NA
"C8-pos",8.41,659.5611,"","",NA,"",NA,NA
"C8-pos",10.8,659.6059,"","",NA,"",NA,NA
"C8-pos",4.95,661.4777,"","",NA,"",NA,NA
"C8-pos",4.46,677.1431,"","",NA,"",NA,NA
"C8-pos",10.35,679.6016,"","",NA,"",NA,NA
"C8-pos",10.39,679.6198,"","",NA,"",NA,NA
"C8-pos",4.45,683.1598,"","",NA,"",NA,NA
"C8-pos",9.96,683.5013,"","",NA,"",NA,NA
"C8-pos",9.86,691.5291,"","",NA,"",NA,NA
"C8-pos",9.59,705.5796,"","",NA,"",NA,NA
"C8-pos",9.79,708.628,"","",NA,"",NA,NA
"C8-pos",10.13,710.6427,"","",NA,"",NA,NA
"C8-pos",6.15,711.4837,"","",NA,"",NA,NA
"C8-pos",7.22,712.5515,"","",NA,"",NA,NA
"C8-pos",9.8,713.5842,"","",NA,"",NA,NA
"C8-pos",10.12,715.5994,"","",NA,"",NA,NA
"C8-pos",9.36,729.5785,"","",NA,"",NA,NA
"C8-pos",9.71,747.6262,"","",NA,"",NA,NA
"C8-pos",4.46,751.1471,"","",NA,"",NA,NA
"C8-pos",7.91,775.6002,"","",NA,"",NA,NA
"C8-pos",3.89,777.2021,"","",NA,"",NA,NA
"C8-pos",3.51,778.8863,"","",NA,"",NA,NA
"C8-pos",6.14,779.4702,"","",NA,"",NA,NA
"C8-pos",6.46,786.4944,"","",NA,"",NA,NA
"C8-pos",6.19,813.1544,"","",NA,"",NA,NA
"C8-pos",6.16,833.442,"","",NA,"",NA,NA
"C8-pos",11.91,833.7349,"","",NA,"",NA,NA
"C8-pos",10.06,834.5471,"","",NA,"",NA,NA
"C8-pos",7.06,853.704,"","",NA,"",NA,NA
"C8-pos",10.13,928.683,"","",NA,"",NA,NA
"C8-pos",6.13,1003.7202,"","",NA,"",NA,NA
"C8-pos",6.14,1071.7086,"","",NA,"",NA,NA
"C8-pos",6.13,1092.3704,"","",NA,"",NA,NA
"C18-neg",0.32,100.9246,"","",NA,"",NA,NA
"C18-neg",0.61,160.8408,"","",NA,"",NA,NA
"C18-neg",0.61,162.8379,"","",NA,"",NA,NA
"C18-neg",0.61,164.835,"","",NA,"",NA,NA
"C18-neg",0.62,126.8797,"","",NA,"",NA,NA
"C18-neg",0.62,128.8767,"","",NA,"",NA,NA
"C18-neg",0.62,170.8697,"","",NA,"",NA,NA
"C18-neg",0.62,172.8667,"","",NA,"",NA,NA
"C18-neg",0.62,225.8967,"","",NA,"",NA,NA
"C18-neg",0.63,255.8221,"","",NA,"",NA,NA
"C18-neg",0.63,257.8192,"","",NA,"",NA,NA
"C18-neg",0.74,124.9901,"","",NA,"",NA,NA
"C18-neg",0.74,168.98,"","",NA,"",NA,NA
"C18-neg",0.75,124.006,"","",NA,"",NA,NA
"C18-neg",0.75,138.9693,"","",NA,"",NA,NA
"C18-neg",0.99,261.0073,"","",0.98,"C18-neg_Cluster_0188",1.009802673,261.007343
"C18-neg",1.02,236.056,"","",0.98,"C18-neg_Cluster_0120",1.024925474,236.0561196
"C18-neg",1.05,195.029,"","",NA,"",NA,NA
"C18-neg",1.18,221.0445,"","",NA,"",NA,NA
"C18-neg",2.43,415.1796,"","",0.99,"C18-neg_Cluster_0969",2.453795225,415.1795801
"C18-neg",3.01,431.1744,"","",NA,"",NA,NA
"C18-neg",3.34,329.103,"","",0.99,"C18-neg_Cluster_0481",3.367480159,329.1028439
"C18-neg",3.75,337.121,"","",NA,"",NA,NA
"C18-neg",4.08,391.1764,"","",0.95,"C18-neg_Cluster_0821",4.091831694,391.1757416
"C18-neg",4.3,327.0874,"","",0.99,"C18-neg_Cluster_0468",4.35200511,327.0875556
"C18-neg",5,399.1845,"","",0.99,"C18-neg_Cluster_0871",5.026110977,399.1844376
"C18-neg",5.06,349.2021,"","",NA,"",NA,NA
"C18-neg",5.15,319.1913,"","",0.99,"C18-neg_Cluster_0433",5.170187198,319.1913331
"C18-neg",5.15,365.1967,"","",0.99,"C18-neg_Cluster_0659",5.170135774,365.1963876
"C18-neg",5.15,415.1793,"","",0.98,"C18-neg_Cluster_0967",5.167800146,415.1795877
"C18-neg",5.15,377.15,"","",NA,"",NA,NA
"C18-neg",5.23,413.1639,"","",0.99,"C18-neg_Cluster_0951",5.259150113,413.1638718
"C18-neg",5.37,259.0611,"","",NA,"",NA,NA
"C18-neg",5.46,413.1639,"","",0.99,"C18-neg_Cluster_0952",5.495127302,413.1638368
"C18-neg",5.46,481.151,"","",0.93,"C18-neg_Cluster_1443",5.494661872,481.1512014
"C18-neg",5.52,261.0767,"","",0.99,"C18-neg_Cluster_0190",5.536054579,261.0769617
"C18-neg",5.78,252.5723,"","",NA,"",NA,NA
"C18-neg",5.79,253.074,"","",NA,"",NA,NA
"C18-neg",6.01,437.1496,"","",NA,"",NA,NA
"C18-neg",6.1,377.1969,"","",0.97,"C18-neg_Cluster_0744",6.115869364,377.1967282
"C18-neg",6.32,319.1913,"","",0.99,"C18-neg_Cluster_0434",6.332490828,319.1912241
"C18-neg",6.51,429.1585,"","",0.97,"C18-neg_Cluster_1051",6.520375539,429.158449
"C18-neg",6.62,565.2841,"","",NA,"",NA,NA
"C18-neg",6.88,442.1903,"","",0.96,"C18-neg_Cluster_1152",6.890744546,442.1901087
"C18-neg",7.26,498.2898,"HMDB00874","taurohyodeoxycholic acid/tauroursodeoxycholic acid",0.99,"C18-neg_Cluster_1576",7.263042379,498.2896244
"C18-neg",7.43,279.614,"","",NA,"",NA,NA
"C18-neg",8.26,480.2781,"","",0.98,"C18-neg_Cluster_1439",8.275506257,480.2782086
"C18-neg",8.52,345.1706,"","",0.99,"C18-neg_Cluster_0564",8.532272512,345.1705793
"C18-neg",8.66,556.3308,"","",0.98,"C18-neg_Cluster_1883",8.672278528,556.3308783
"C18-neg",8.66,624.3181,"","",0.96,"C18-neg_Cluster_2133",8.67095555,624.3178039
"C18-neg",8.77,556.3306,"","",0.98,"C18-neg_Cluster_1884",8.783010665,556.3307049
"C18-neg",8.84,483.3325,"","",NA,"",NA,NA
"C18-neg",8.98,556.3325,"","",NA,"",NA,NA
"C18-neg",8.99,345.1706,"","",NA,"",NA,NA
"C18-neg",9.66,295.1208,"","",NA,"",NA,NA
"C18-neg",9.66,415.2699,"","",NA,"",NA,NA
"C18-neg",9.71,540.3356,"","",0.97,"C18-neg_Cluster_1811",9.724203755,540.335645
"C18-neg",9.78,294.6192,"","",NA,"",NA,NA
"C18-neg",9.78,537.3258,"","",NA,"",NA,NA
"C18-neg",9.91,343.2125,"","",NA,"",NA,NA
"C18-neg",9.92,540.336,"","",0.97,"C18-neg_Cluster_1812",9.939136284,540.3357449
"C18-neg",9.98,294.6192,"","",NA,"",NA,NA
"C18-neg",10.34,343.1549,"","",1,"C18-neg_Cluster_0557",10.35374337,343.1549559
"C18-neg",10.61,406.263,"","",0.99,"C18-neg_Cluster_0906",10.62444009,406.2630266
"C18-neg",10.79,329.1756,"HMDB02121","carnosol",0.99,"C18-neg_Cluster_0486",10.79400176,329.1756843
"C18-neg",10.79,285.186,"","",NA,"",NA,NA
"C18-neg",10.92,311.1839,"","",NA,"",NA,NA
"C18-neg",10.93,243.1961,"","",0.97,"C18-neg_Cluster_0146",10.94041488,243.1959681
"C18-neg",11.65,315.2539,"","",NA,"",NA,NA
"C18-neg",11.67,439.2463,"","",0.97,"C18-neg_Cluster_1133",11.70430548,439.246737
"C18-neg",12.19,271.2277,"","",NA,"",NA,NA
"C18-neg",12.28,386.2369,"","",NA,"",NA,NA
"C18-neg",12.32,453.2621,"","",0.98,"C18-neg_Cluster_1240",12.34152159,453.2632946
"C18-neg",12.43,421.2731,"","",NA,"",NA,NA
"C18-neg",12.52,283.2277,"","",NA,"",NA,NA
"C18-neg",12.61,345.2069,"","",1,"C18-neg_Cluster_0566",12.62351317,345.2069029
"C18-neg",12.7,453.2622,"","",NA,"",NA,NA
"C18-neg",12.72,433.2358,"","",NA,"",NA,NA
"C18-neg",12.9,347.2694,"","",NA,"",NA,NA
"C18-neg",13.15,513.1604,"","",NA,"",NA,NA
"C18-neg",13.17,297.2434,"","",0.99,"C18-neg_Cluster_0323",13.18418196,297.2436011
"C18-neg",13.17,333.2201,"","",0.98,"C18-neg_Cluster_0512",13.18364774,333.2201738
"C18-neg",13.17,343.2486,"","",0.98,"C18-neg_Cluster_0559",13.18415442,343.2486608
"C18-neg",13.17,355.2021,"","",0.97,"C18-neg_Cluster_0609",13.18402731,355.2020573
"C18-neg",13.17,362.237,"","",0.99,"C18-neg_Cluster_0646",13.18186926,362.2369141
"C18-neg",13.17,365.2304,"","",0.98,"C18-neg_Cluster_0669",13.18411414,365.2303758
"C18-neg",13.17,397.1683,"","",0.99,"C18-neg_Cluster_0855",13.18335495,397.1682118
"C18-neg",13.17,427.201,"","",0.89,"C18-neg_Cluster_1038",13.18440481,427.201017
"C18-neg",13.17,433.218,"","",0.94,"C18-neg_Cluster_1083",13.18492687,433.2180752
"C18-neg",13.17,595.4934,"","",0.99,"C18-neg_Cluster_2041",13.18343527,595.4932111
"C18-neg",13.17,617.4753,"","",0.99,"C18-neg_Cluster_2111",13.18339621,617.4753124
"C18-neg",13.17,299.2489,"","",NA,"",NA,NA
"C18-neg",13.17,445.174,"","",NA,"",NA,NA
"C18-neg",13.18,335.2171,"","",0.99,"C18-neg_Cluster_0521",13.183514,335.217058
"C18-neg",13.18,393.2312,"","",0.96,"C18-neg_Cluster_0839",13.18434062,393.231383
"C18-neg",13.18,501.2054,"","",0.91,"C18-neg_Cluster_1589",13.18517554,501.2054156
"C18-neg",13.18,423.1894,"","",NA,"",NA,NA
"C18-neg",13.19,569.1924,"","",NA,"",NA,NA
"C18-neg",13.25,361.1661,"","",NA,"",NA,NA
"C18-neg",13.28,453.3371,"","",NA,"",NA,NA
"C18-neg",13.28,499.3427,"","",NA,"",NA,NA
"C18-neg",13.83,467.2774,"","",0.83,"C18-neg_Cluster_1347",13.83619912,467.2772176
"C18-neg",14.03,470.2907,"","",NA,"",NA,NA
"C18-neg",14.1,468.2773,"","",NA,"",NA,NA
"C18-neg",14.47,493.2932,"","",0.45,"C18-neg_Cluster_1542",14.49296236,493.2933527
"C18-neg",14.68,297.2433,"","",NA,"",NA,NA
"C18-neg",14.7,156.9951,"","",NA,"",NA,NA
"C18-neg",15.14,493.2939,"","",NA,"",NA,NA
"C18-neg",15.36,416.1425,"","",NA,"",NA,NA
"C18-neg",15.55,520.9095,"","",NA,"",NA,NA
"C18-neg",15.55,588.8969,"","",NA,"",NA,NA
"C18-neg",15.76,588.8968,"","",NA,"",NA,NA
"C18-neg",15.77,520.9095,"","",NA,"",NA,NA
"C18-neg",16.03,520.9095,"","",NA,"",NA,NA
"C18-neg",16.04,588.8969,"","",NA,"",NA,NA
"C18-neg",16.1,145.9253,"","",NA,"",NA,NA
"C18-neg",16.47,355.959,"","",NA,"",NA,NA
"C18-neg",16.48,287.9712,"","",NA,"",NA,NA
"C18-neg",16.59,355.9586,"","",NA,"",NA,NA
"C18-neg",16.6,423.946,"","",NA,"",NA,NA
"C18-neg",16.69,423.9462,"","",NA,"",NA,NA
"C18-neg",16.7,287.9713,"","",NA,"",NA,NA
"C18-neg",16.72,355.9587,"","",NA,"",NA,NA
"C18-neg",16.8,510.8812,"","",NA,"",NA,NA
"C18-neg",16.81,104.9525,"","",NA,"",NA,NA
"C18-neg",16.84,249.9635,"","",NA,"",NA,NA
"C18-neg",16.9,520.9095,"","",NA,"",NA,NA
"C18-neg",16.9,588.8969,"","",NA,"",NA,NA
"C18-neg",17.03,260.9066,"","",NA,"",NA,NA
"C18-neg",17.03,287.9714,"","",NA,"",NA,NA
"C18-neg",17.28,355.9589,"","",NA,"",NA,NA
"C18-neg",17.32,423.9462,"","",NA,"",NA,NA
"C18-neg",17.32,491.9335,"","",NA,"",NA,NA
"C18-neg",17.33,287.9712,"","",NA,"",NA,NA
"C18-neg",17.33,355.9587,"","",NA,"",NA,NA
"C18-neg",17.38,321.2098,"","",NA,"",NA,NA
"C18-neg",17.42,355.9587,"","",NA,"",NA,NA
"C18-neg",17.42,423.9464,"","",NA,"",NA,NA
"C18-neg",17.42,491.9334,"","",NA,"",NA,NA
"C18-neg",17.45,287.9713,"","",NA,"",NA,NA
"C18-neg",17.54,442.8939,"","",NA,"",NA,NA
"C18-neg",17.56,491.9334,"","",NA,"",NA,NA
"C18-neg",17.56,559.9209,"","",NA,"",NA,NA
"C18-neg",17.57,646.8562,"","",NA,"",NA,NA
"C18-neg",17.58,287.9542,"","",NA,"",NA,NA
"C18-neg",17.7,510.8808,"","",NA,"",NA,NA
"C18-neg",17.75,355.9587,"","",NA,"",NA,NA
"C18-neg",17.75,520.9095,"","",NA,"",NA,NA
"C18-neg",17.75,588.8969,"","",NA,"",NA,NA
"C18-neg",17.76,491.9333,"","",NA,"",NA,NA
"C18-neg",17.76,559.9207,"","",NA,"",NA,NA
"C18-neg",17.77,423.9461,"","",NA,"",NA,NA
"C18-neg",17.86,287.9712,"","",NA,"",NA,NA
"C18-neg",17.87,559.921,"","",NA,"",NA,NA
"C18-neg",17.93,401.9243,"","",NA,"",NA,NA
"C18-neg",18.07,559.9209,"","",NA,"",NA,NA
"C18-neg",18.11,423.9461,"","",NA,"",NA,NA
"C18-neg",18.15,491.9333,"","",NA,"",NA,NA
"C18-neg",18.17,287.9712,"","",NA,"",NA,NA
"C18-neg",18.18,559.9208,"","",NA,"",NA,NA
"C18-neg",18.21,306.9191,"","",NA,"",NA,NA
"C18-neg",18.21,333.9379,"","",NA,"",NA,NA
"C18-neg",18.21,355.9587,"","",NA,"",NA,NA
"C18-neg",18.21,401.9246,"","",NA,"",NA,NA
"C18-neg",18.29,559.9208,"","",NA,"",NA,NA
"C18-neg",18.31,333.9382,"","",NA,"",NA,NA
"C18-neg",18.31,401.9253,"","",NA,"",NA,NA
"C18-neg",18.33,374.9064,"","",NA,"",NA,NA
"C18-neg",18.34,287.9712,"","",NA,"",NA,NA
"C18-neg",18.35,401.9253,"","",NA,"",NA,NA
"C18-neg",18.35,559.9207,"","",NA,"",NA,NA
"C18-neg",18.35,646.8553,"","",NA,"",NA,NA
"C18-neg",18.36,491.9333,"","",NA,"",NA,NA
"C18-neg",18.36,578.8684,"","",NA,"",NA,NA
"C18-neg",18.39,306.9188,"","",NA,"",NA,NA
"C18-neg",18.39,559.9206,"","",NA,"",NA,NA
"C18-neg",18.4,333.9381,"","",NA,"",NA,NA
"C18-neg",18.74,423.9461,"","",NA,"",NA,NA
"C18-neg",18.76,316.9476,"","",NA,"",NA,NA
"C18-neg",18.76,355.9587,"","",NA,"",NA,NA
"C18-neg",18.76,384.9351,"","",NA,"",NA,NA
"C18-neg",18.76,452.9226,"","",NA,"",NA,NA
"C18-neg",18.76,491.9333,"","",NA,"",NA,NA
"C18-neg",18.76,520.9095,"","",NA,"",NA,NA
"C18-neg",18.76,559.9206,"","",NA,"",NA,NA
"C18-neg",18.76,588.8969,"","",NA,"",NA,NA
"C18-neg",18.79,401.9251,"","",NA,"",NA,NA
"C18-neg",18.8,469.9127,"","",NA,"",NA,NA
"C18-neg",18.81,287.9712,"","",NA,"",NA,NA
"C18-neg",18.81,306.919,"","",NA,"",NA,NA
"C18-neg",18.82,442.8939,"","",NA,"",NA,NA
"C18-neg",18.82,578.8679,"","",NA,"",NA,NA
"C18-neg",18.82,646.8559,"","",NA,"",NA,NA
"C18-neg",18.83,374.9064,"","",NA,"",NA,NA
"C18-neg",18.84,510.8801,"","",NA,"",NA,NA
"C18-neg",18.85,333.9381,"","",NA,"",NA,NA
"C18-neg",18.86,469.9126,"","",NA,"",NA,NA
"C18-neg",18.89,297.1524,"","",NA,"",NA,NA
"C18-neg",18.9,151.9953,"","",NA,"",NA,NA
"C18-neg",18.9,333.9382,"","",NA,"",NA,NA
"C18-neg",18.92,137.9738,"","",NA,"",NA,NA
"C18-neg",18.93,151.9952,"","",NA,"",NA,NA
"C18-neg",18.93,578.8682,"","",NA,"",NA,NA
"C18-neg",18.93,646.8556,"","",NA,"",NA,NA
"C18-neg",18.93,648.853,"","",NA,"",NA,NA
"C18-neg",18.94,485.2726,"","",0.91,"C18-neg_Cluster_1486",18.94138123,485.2722546
"C18-neg",18.94,84.9891,"","",NA,"",NA,NA
"C18-neg",18.94,248.9601,"","",NA,"",NA,NA
"C18-neg",18.94,333.9377,"","",NA,"",NA,NA
"C18-neg",18.94,401.9254,"","",NA,"",NA,NA
"C18-neg",18.95,374.9064,"","",NA,"",NA,NA
"C18-neg",18.96,151.9952,"","",NA,"",NA,NA
"C18-neg",18.96,469.9127,"","",NA,"",NA,NA
"C18-neg",18.96,510.881,"","",NA,"",NA,NA
"C18-neg",18.97,491.9333,"","",NA,"",NA,NA
"HILIC-neg",0.45,156.0123,"","",NA,"",NA,NA
"HILIC-neg",0.46,214.081,"","",NA,"",NA,NA
"HILIC-neg",0.49,214.0811,"","",NA,"",NA,NA
"HILIC-neg",0.49,214.0796,"","",NA,"",NA,NA
"HILIC-neg",0.5,208.072,"","",NA,"",NA,NA
"HILIC-neg",0.99,574.3174,"","",NA,"",NA,NA
"HILIC-neg",1.01,589.3198,"","",NA,"",NA,NA
"HILIC-neg",1.02,615.3725,"","",NA,"",NA,NA
"HILIC-neg",1.04,289.2173,"","",NA,"",NA,NA
"HILIC-neg",1.06,514.3245,"","",NA,"",NA,NA
"HILIC-neg",1.07,273.1893,"","",NA,"",NA,NA
"HILIC-neg",1.08,201.023,"","",NA,"",NA,NA
"HILIC-neg",1.1,573.3637,"","",NA,"",NA,NA
"HILIC-neg",1.1,317.1141,"","",NA,"",NA,NA
"HILIC-neg",1.1,553.3383,"","",NA,"",NA,NA
"HILIC-neg",1.11,161.0719,"","",NA,"",NA,NA
"HILIC-neg",1.12,273.1891,"","",NA,"",NA,NA
"HILIC-neg",1.12,567.3174,"","",NA,"",NA,NA
"HILIC-neg",1.13,549.307,"","",NA,"",NA,NA
"HILIC-neg",1.13,214.0818,"","",NA,"",NA,NA
"HILIC-neg",1.15,575.3429,"","",NA,"",NA,NA
"HILIC-neg",1.15,214.079,"","",NA,"",NA,NA
"HILIC-neg",1.15,571.3484,"","",NA,"",NA,NA
"HILIC-neg",1.15,537.3508,"","",NA,"",NA,NA
"HILIC-neg",1.15,569.333,"","",NA,"",NA,NA
"HILIC-neg",1.15,551.3241,"","",NA,"",NA,NA
"HILIC-neg",1.16,165.0919,"","",NA,"",NA,NA
"HILIC-neg",1.16,539.3224,"","",NA,"",NA,NA
"HILIC-neg",1.16,573.3276,"","",NA,"",NA,NA
"HILIC-neg",1.16,221.093,"","",NA,"",NA,NA
"HILIC-neg",1.17,555.3515,"","",NA,"",NA,NA
"HILIC-neg",1.17,587.3439,"","",NA,"",NA,NA
"HILIC-neg",1.19,222.0919,"","",NA,"",NA,NA
"HILIC-neg",1.26,182.0932,"","",NA,"",NA,NA
"HILIC-neg",1.26,139.0512,"","",NA,"",NA,NA
"HILIC-neg",1.4,176.0457,"","",NA,"",NA,NA
"HILIC-neg",1.65,207.0684,"","",NA,"",NA,NA
"HILIC-neg",1.65,306.0999,"","",NA,"",NA,NA
"HILIC-neg",1.67,208.0727,"","",NA,"",NA,NA
"HILIC-neg",1.67,112.9855,"","",NA,"",NA,NA
"HILIC-neg",1.67,345.1704,"","",0.95,"HILIC-neg_Cluster_1200",1.7,345.1705
"HILIC-neg",1.68,329.1756,"","",0.99,"HILIC-neg_Cluster_1123",1.72,329.1758
"HILIC-neg",1.69,214.0812,"","",NA,"",NA,NA
"HILIC-neg",1.69,176.0461,"","",NA,"",NA,NA
"HILIC-neg",1.7,207.069,"","",NA,"",NA,NA
"HILIC-neg",1.71,214.0801,"","",NA,"",NA,NA
"HILIC-neg",1.71,207.0684,"","",NA,"",NA,NA
"HILIC-neg",2.2,167.0824,"","",NA,"",NA,NA
"HILIC-neg",2.24,164.0351,"","",NA,"",NA,NA
"HILIC-neg",2.49,214.0792,"","",NA,"",NA,NA
"HILIC-neg",2.5,250.1447,"","",NA,"",NA,NA
"HILIC-neg",2.61,188.1289,"","",NA,"",NA,NA
"HILIC-neg",2.79,176.0431,"","",NA,"",NA,NA
"HILIC-neg",2.84,176.0455,"","",NA,"",NA,NA
"HILIC-neg",2.89,388.2525,"","",0.96,"HILIC-neg_Cluster_1348",2.92,388.2521
"HILIC-neg",2.91,178.0892,"","",NA,"",NA,NA
"HILIC-neg",2.92,362.2369,"","",0.98,"HILIC-neg_Cluster_1265",2.95,362.2365
"HILIC-neg",2.94,469.2633,"","",NA,"",NA,NA
"HILIC-neg",2.98,231.1136,"","",NA,"",NA,NA
"HILIC-neg",2.99,396.348,"","",NA,"",NA,NA
"HILIC-neg",2.99,406.2629,"","",NA,"",NA,NA
"HILIC-neg",3.02,390.3011,"","",NA,"",NA,NA
"HILIC-neg",3.02,404.2471,"","",NA,"",NA,NA
"HILIC-neg",3.04,329.1756,"","",NA,"",NA,NA
"HILIC-neg",3.1,442.1903,"","",NA,"",NA,NA
"HILIC-neg",3.13,496.3137,"","",NA,"",NA,NA
"HILIC-neg",3.19,253.0714,"","",NA,"",NA,NA
"HILIC-neg",3.2,299.2498,"","",NA,"",NA,NA
"HILIC-neg",3.2,297.2432,"","",0.9,"HILIC-neg_Cluster_0981",3.23,297.2431
"HILIC-neg",3.21,343.1547,"","",NA,"",NA,NA
"HILIC-neg",3.23,279.2204,"","",NA,"",NA,NA
"HILIC-neg",3.38,194.049,"","",0.98,"HILIC-neg_Cluster_0405",3.4,194.0489
"HILIC-neg",3.41,194.0501,"","",NA,"",NA,NA
"HILIC-neg",3.44,345.2068,"","",1,"HILIC-neg_Cluster_1202",3.44,345.2074
"HILIC-neg",3.47,180.0335,"","",NA,"",NA,NA
"HILIC-neg",3.47,556.3306,"","",0.98,"HILIC-neg_Cluster_1771",3.49,556.3309
"HILIC-neg",3.58,361.2018,"","",NA,"",NA,NA
"HILIC-neg",3.6,166.0177,"","",0.99,"HILIC-neg_Cluster_0251",3.62,166.0175
"HILIC-neg",3.63,246.0076,"","",NA,"",NA,NA
"HILIC-neg",3.67,321.0848,"","",NA,"",NA,NA
"HILIC-neg",3.7,206.0102,"","",NA,"",NA,NA
"HILIC-neg",3.71,271.0038,"","",NA,"",NA,NA
"HILIC-neg",3.71,126.003,"","",NA,"",NA,NA
"HILIC-neg",3.71,125.0105,"","",NA,"",NA,NA
"HILIC-neg",3.72,124.0072,"HMDB00251","taurine",0.98,"HILIC-neg_Cluster_0085",3.72,124.0072
"HILIC-neg",3.73,220.0613,"","",NA,"",NA,NA
"HILIC-neg",3.74,208.9848,"","",NA,"",NA,NA
"HILIC-neg",3.77,220.064,"","",NA,"",NA,NA
"HILIC-neg",3.77,193.0507,"","",NA,"",NA,NA
"HILIC-neg",3.77,361.2019,"","",NA,"",NA,NA
"HILIC-neg",3.79,223.0609,"","",NA,"",NA,NA
"HILIC-neg",3.84,193.0528,"","",NA,"",NA,NA
"HILIC-neg",3.84,193.0501,"","",NA,"",NA,NA
"HILIC-neg",3.84,124.9913,"","",NA,"",NA,NA
"HILIC-neg",3.85,193.0505,"","",NA,"",NA,NA
"HILIC-neg",3.89,243.1598,"","",NA,"",NA,NA
"HILIC-neg",4.09,337.1416,"","",NA,"",NA,NA
"HILIC-neg",4.1,236.0923,"","",NA,"",NA,NA
"HILIC-neg",4.23,345.1704,"","",NA,"",NA,NA
"HILIC-neg",4.4,319.1911,"","",0.99,"HILIC-neg_Cluster_1078",4.41,319.1912
"HILIC-neg",4.54,325.0068,"","",NA,"",NA,NA
"HILIC-neg",4.69,228.0513,"","",NA,"",NA,NA
"HILIC-neg",4.75,225.0579,"","",NA,"",NA,NA
"HILIC-neg",4.79,225.0588,"","",NA,"",NA,NA
"HILIC-neg",4.79,403.1466,"","",NA,"",NA,NA
"HILIC-neg",4.96,339.08,"","",NA,"",NA,NA
"HILIC-neg",5.08,176.045,"","",NA,"",NA,NA
"HILIC-neg",5.08,193.0532,"","",NA,"",NA,NA
"HILIC-neg",5.54,214.0811,"","",NA,"",NA,NA
"HILIC-neg",5.55,170.0822,"","",NA,"",NA,NA
"HILIC-neg",5.83,214.08,"","",NA,"",NA,NA
"HILIC-neg",6.26,275.0564,"","",NA,"",NA,NA
"HILIC-neg",6.41,319.082,"","",0.97,"HILIC-neg_Cluster_1074",6.36,319.0819
"HILIC-neg",6.48,340.0638,"","",NA,"",NA,NA
"HILIC-neg",6.51,315.6426,"","",NA,"",NA,NA
"HILIC-neg",6.62,282.0247,"","",NA,"",NA,NA
"HILIC-neg",6.66,259.0609,"","",NA,"",NA,NA
"HILIC-neg",6.67,295.1207,"","",NA,"",NA,NA
"HILIC-neg",6.67,294.6192,"","",NA,"",NA,NA
"HILIC-neg",6.69,301.6272,"","",NA,"",NA,NA
"HILIC-neg",6.71,401.1813,"","",NA,"",NA,NA
"HILIC-neg",6.71,308.635,"","",NA,"",NA,NA
"HILIC-neg",6.72,300.6375,"","",NA,"",NA,NA
"HILIC-neg",6.87,287.6116,"","",NA,"",NA,NA
"HILIC-neg",6.89,266.6062,"","",NA,"",NA,NA
"HILIC-neg",6.93,133.0505,"","",NA,"",NA,NA
"HILIC-neg",6.93,252.5724,"","",NA,"",NA,NA
"HILIC-neg",6.94,279.614,"","",NA,"",NA,NA
"HILIC-neg",6.97,176.043,"","",NA,"",NA,NA
"HILIC-neg",6.98,413.1449,"","",NA,"",NA,NA
"HILIC-neg",7,261.0614,"","",NA,"",NA,NA
"HILIC-neg",7.01,300.0732,"","",NA,"",NA,NA
"HILIC-neg",7.12,300.0729,"","",NA,"",NA,NA
"HILIC-neg",7.15,209.0122,"","",NA,"",NA,NA
"HILIC-neg",7.26,227.059,"","",NA,"",NA,NA
"HILIC-neg",7.54,413.1636,"","",0.56,"HILIC-neg_Cluster_1417",7.52,413.1636
"HILIC-neg",8.72,402.1918,"","",NA,"",NA,NA
"HILIC-neg",9.16,261.0071,"","",0.95,"HILIC-neg_Cluster_0800",9.23,261.0074
"HILIC-neg",9.25,509.3117,"","",NA,"",NA,NA
"HILIC-neg",10.03,297.0624,"","",NA,"",NA,NA
"HILIC-neg",10.09,236.992,"","",NA,"",NA,NA
"HILIC-neg",10.53,237.9516,"","",NA,"",NA,NA
"HILIC-neg",10.9,295.8921,"","",NA,"",NA,NA
"HILIC-neg",11.12,343.0819,"","",NA,"",NA,NA
"HILIC-neg",11.23,296.8875,"","",NA,"",NA,NA
"HILIC-neg",11.45,202.027,"","",NA,"",NA,NA
"HILIC-neg",11.47,202.0268,"","",NA,"",NA,NA
"HILIC-neg",11.71,202.027,"","",NA,"",NA,NA
"HILIC-neg",11.75,295.892,"","",NA,"",NA,NA
"HILIC-neg",11.87,295.892,"","",NA,"",NA,NA
"HILIC-neg",11.93,202.0269,"","",NA,"",NA,NA
"HILIC-neg",12.01,373.8704,"","",NA,"",NA,NA
"HILIC-neg",12.06,236.9188,"","",NA,"",NA,NA
"HILIC-neg",12.06,295.8925,"","",NA,"",NA,NA
"HILIC-neg",12.17,295.8921,"","",NA,"",NA,NA
"HILIC-neg",12.26,296.8877,"","",NA,"",NA,NA
"HILIC-neg",13.47,202.0278,"","",NA,"",NA,NA
"HILIC-neg",13.54,296.8853,"","",NA,"",NA,NA
"HILIC-neg",13.89,156.0048,"","",NA,"",NA,NA
"HILIC-neg",13.93,176.0429,"","",NA,"",NA,NA
"HILIC-neg",14.04,96.9772,"","",NA,"",NA,NA
"HILIC-neg",14.05,274.0586,"","",NA,"",NA,NA
"HILIC-neg",14.07,208.0723,"","",NA,"",NA,NA
"HILIC-neg",14.99,393.2848,"","",NA,"",NA,NA
"HILIC-neg",15.13,214.0811,"","",NA,"",NA,NA
"HILIC-neg",15.13,214.0801,"","",NA,"",NA,NA
"HILIC-neg",15.2,201.9894,"","",NA,"",NA,NA
"HILIC-neg",15.2,214.0811,"","",NA,"",NA,NA
"HILIC-neg",15.23,285.0469,"","",NA,"",NA,NA
"HILIC-neg",15.24,210.9289,"","",NA,"",NA,NA
"HILIC-neg",15.26,208.0719,"","",NA,"",NA,NA
"HILIC-neg",15.27,214.0799,"","",NA,"",NA,NA
"HILIC-neg",15.3,201.9893,"","",NA,"",NA,NA
"HILIC-neg",15.44,187.9768,"","",NA,"",NA,NA
"HILIC-neg",15.45,169.9632,"","",NA,"",NA,NA
"HILIC-neg",15.45,214.0811,"","",NA,"",NA,NA
"HILIC-neg",15.53,208.0719,"","",NA,"",NA,NA
"HILIC-neg",15.53,325.0181,"","",NA,"",NA,NA
"HILIC-neg",15.55,285.0446,"","",NA,"",NA,NA
"HILIC-neg",15.55,214.0812,"","",NA,"",NA,NA
"HILIC-neg",15.56,208.0725,"","",NA,"",NA,NA
"HILIC-neg",15.57,285.042,"","",NA,"",NA,NA
"HILIC-neg",15.58,169.9626,"","",NA,"",NA,NA
"HILIC-neg",15.6,249.1607,"","",NA,"",NA,NA
"HILIC-pos",0.35,673.6222,"","",NA,"",NA,NA
"HILIC-pos",1.31,321.2564,"","",NA,"",NA,NA
"HILIC-pos",1.35,498.2712,"","",NA,"",NA,NA
"HILIC-pos",1.49,536.4356,"","",0.901,"HILIC-pos_Cluster_1925",1.55,536.4354577
"HILIC-pos",1.49,444.3733,"","",NA,"",NA,NA
"HILIC-pos",1.49,538.4425,"","",NA,"",NA,NA
"HILIC-pos",1.5,581.433,"","",0.955,"HILIC-pos_Cluster_2034",1.54,581.4332717
"HILIC-pos",1.5,554.4415,"","",NA,"",NA,NA
"HILIC-pos",1.51,567.4537,"","",0.951,"HILIC-pos_Cluster_2003",1.55,567.4534201
"HILIC-pos",1.51,601.4226,"","",NA,"",NA,NA
"HILIC-pos",1.57,535.4278,"","",NA,"",NA,NA
"HILIC-pos",1.58,542.4828,"","",NA,"",NA,NA
"HILIC-pos",1.6,584.4562,"","",0.968,"HILIC-pos_Cluster_2045",1.6,584.4558083
"HILIC-pos",1.6,564.3662,"","",NA,"",NA,NA
"HILIC-pos",1.61,673.5376,"","",0.965,"HILIC-pos_Cluster_2247",1.63,673.5358033
"HILIC-pos",1.63,322.2727,"","",NA,"",NA,NA
"HILIC-pos",1.64,207.1736,"","",0.874,"HILIC-pos_Cluster_0466",1.66,207.1734533
"HILIC-pos",1.64,245.2255,"","",0.849,"HILIC-pos_Cluster_0698",1.63,245.2254283
"HILIC-pos",1.64,253.2516,"","",0.98,"HILIC-pos_Cluster_0739",1.65,253.2516821
"HILIC-pos",1.64,263.2359,"","",0.88,"HILIC-pos_Cluster_0796",1.62,263.2358977
"HILIC-pos",1.64,281.2464,"","",0.846,"HILIC-pos_Cluster_0904",1.63,281.2463063
"HILIC-pos",1.64,299.2569,"","",0.964,"HILIC-pos_Cluster_0992",1.65,299.2568634
"HILIC-pos",1.64,316.2833,"","",0.974,"HILIC-pos_Cluster_1099",1.65,316.2832022
"HILIC-pos",1.64,321.2391,"","",0.966,"HILIC-pos_Cluster_1135",1.66,321.2398935
"HILIC-pos",1.64,344.3144,"","",0.957,"HILIC-pos_Cluster_1256",1.65,344.314503
"HILIC-pos",1.64,111.1168,"","",NA,"",NA,NA
"HILIC-pos",1.64,125.1322,"","",NA,"",NA,NA
"HILIC-pos",1.64,139.1477,"","",NA,"",NA,NA
"HILIC-pos",1.64,141.1269,"","",NA,"",NA,NA
"HILIC-pos",1.64,153.1633,"","",NA,"",NA,NA
"HILIC-pos",1.64,167.1789,"","",NA,"",NA,NA
"HILIC-pos",1.64,193.1581,"","",NA,"",NA,NA
"HILIC-pos",1.64,197.1529,"","",NA,"",NA,NA
"HILIC-pos",1.64,211.1685,"","",NA,"",NA,NA
"HILIC-pos",1.64,221.2256,"","",NA,"",NA,NA
"HILIC-pos",1.64,235.2411,"","",NA,"",NA,NA
"HILIC-pos",1.64,265.2428,"","",NA,"",NA,NA
"HILIC-pos",1.64,283.2537,"","",NA,"",NA,NA
"HILIC-pos",1.64,301.2637,"","",NA,"",NA,NA
"HILIC-pos",1.64,318.2901,"","",NA,"",NA,NA
"HILIC-pos",1.64,337.2126,"","",NA,"",NA,NA
"HILIC-pos",1.64,346.3212,"","",NA,"",NA,NA
"HILIC-pos",1.64,369.3249,"","",NA,"",NA,NA
"HILIC-pos",1.64,71.0851,"","",NA,"",NA,NA
"HILIC-pos",1.64,83.0859,"","",NA,"",NA,NA
"HILIC-pos",1.64,97.1013,"","",NA,"",NA,NA
"HILIC-pos",1.65,179.1424,"","",0.85,"HILIC-pos_Cluster_0317",1.65,179.1423532
"HILIC-pos",1.65,225.1841,"","",0.855,"HILIC-pos_Cluster_0569",1.67,225.1838055
"HILIC-pos",1.65,141.0905,"","",NA,"",NA,NA
"HILIC-pos",1.65,151.1113,"","",NA,"",NA,NA
"HILIC-pos",1.65,169.1217,"","",NA,"",NA,NA
"HILIC-pos",1.65,179.1788,"","",NA,"",NA,NA
"HILIC-pos",1.65,197.1893,"","",NA,"",NA,NA
"HILIC-pos",1.65,239.1996,"","",NA,"",NA,NA
"HILIC-pos",1.65,299.25,"","",NA,"",NA,NA
"HILIC-pos",1.66,235.2048,"","",0.924,"HILIC-pos_Cluster_0632",1.67,235.2049105
"HILIC-pos",1.66,253.2153,"","",0.935,"HILIC-pos_Cluster_0738",1.67,253.2151819
"HILIC-pos",1.66,331.189,"","",0.986,"HILIC-pos_Cluster_1184",1.67,331.1891588
"HILIC-pos",1.66,376.2467,"","",NA,"",NA,NA
"HILIC-pos",1.66,415.3828,"","",NA,"",NA,NA
"HILIC-pos",1.67,385.3448,"","",0.989,"HILIC-pos_Cluster_1425",1.69,385.3448893
"HILIC-pos",1.67,399.3605,"","",0.982,"HILIC-pos_Cluster_1485",1.68,399.3605097
"HILIC-pos",1.67,411.3605,"","",0.968,"HILIC-pos_Cluster_1519",1.69,411.3606334
"HILIC-pos",1.67,413.3761,"","",0.985,"HILIC-pos_Cluster_1524",1.68,413.3762234
"HILIC-pos",1.67,387.3515,"","",NA,"",NA,NA
"HILIC-pos",1.67,397.3448,"","",NA,"",NA,NA
"HILIC-pos",1.68,430.4025,"","",0.974,"HILIC-pos_Cluster_1601",1.68,430.4024387
"HILIC-pos",1.68,109.0648,"","",NA,"",NA,NA
"HILIC-pos",1.69,371.3656,"HMDB00908","5alpha-Cholestanol",0.961,"HILIC-pos_Cluster_1370",1.7,371.3657927
"HILIC-pos",1.7,399.3967,"","",NA,"",NA,NA
"HILIC-pos",1.74,301.2637,"","",NA,"",NA,NA
"HILIC-pos",1.77,225.1479,"","",NA,"",NA,NA
"HILIC-pos",1.8,380.2419,"","",NA,"",NA,NA
"HILIC-pos",1.88,353.1481,"","",NA,"",NA,NA
"HILIC-pos",1.91,330.1322,"","",NA,"",NA,NA
"HILIC-pos",1.92,289.117,"","",NA,"",NA,NA
"HILIC-pos",1.92,307.1159,"","",NA,"",NA,NA
"HILIC-pos",1.93,332.0751,"","",NA,"",NA,NA
"HILIC-pos",1.94,285.1838,"","",NA,"",NA,NA
"HILIC-pos",1.94,623.3051,"","",NA,"",NA,NA
"HILIC-pos",1.95,504.3123,"","",0.875,"HILIC-pos_Cluster_1843",1.95,504.3121512
"HILIC-pos",1.98,300.2604,"","",NA,"",NA,NA
"HILIC-pos",2.06,302.2548,"","",NA,"",NA,NA
"HILIC-pos",2.07,344.3146,"","",NA,"",NA,NA
"HILIC-pos",2.29,321.0956,"","",NA,"",NA,NA
"HILIC-pos",2.33,344.1115,"","",NA,"",NA,NA
"HILIC-pos",2.35,165.1269,"","",NA,"",NA,NA
"HILIC-pos",2.36,141.0905,"","",NA,"",NA,NA
"HILIC-pos",2.98,74.0979,"","",NA,"",NA,NA
"HILIC-pos",2.99,299.2572,"","",NA,"",NA,NA
"HILIC-pos",3.17,299.2572,"","",NA,"",NA,NA
"HILIC-pos",3.36,309.1432,"","",NA,"",NA,NA
"HILIC-pos",3.51,207.1374,"","",NA,"",NA,NA
"HILIC-pos",3.7,206.138,"","",NA,"",NA,NA
"HILIC-pos",4.06,141.9987,"","",NA,"",NA,NA
"HILIC-pos",4.09,238.0701,"","",NA,"",NA,NA
"HILIC-pos",4.17,276.1219,"","",NA,"",NA,NA
"HILIC-pos",4.29,575.3703,"","",NA,"",NA,NA
"HILIC-pos",4.32,224.1273,"","",NA,"",NA,NA
"HILIC-pos",4.36,167.1062,"","",NA,"",NA,NA
"HILIC-pos",4.49,272.0906,"","",NA,"",NA,NA
"HILIC-pos",4.89,218.0806,"","",NA,"",NA,NA
"HILIC-pos",4.9,222.0753,"","",0.968,"HILIC-pos_Cluster_0544",4.9,222.0753506
"HILIC-pos",4.94,220.0961,"","",NA,"",NA,NA
"HILIC-pos",5.11,316.128,"","",NA,"",NA,NA
"HILIC-pos",5.16,509.3219,"","",NA,"",NA,NA
"HILIC-pos",5.17,497.3219,"","",0.968,"HILIC-pos_Cluster_1833",5.17,497.3212465
"HILIC-pos",5.19,495.3063,"","",0.961,"HILIC-pos_Cluster_1824",5.19,495.3062333
"HILIC-pos",5.19,517.2882,"","",NA,"",NA,NA
"HILIC-pos",5.22,469.2907,"","",0.97,"HILIC-pos_Cluster_1737",5.23,469.2908871
"HILIC-pos",5.26,455.275,"","",0.96,"HILIC-pos_Cluster_1688",5.26,455.2751521
"HILIC-pos",5.28,441.2594,"","",NA,"",NA,NA
"HILIC-pos",5.62,352.1586,"","",NA,"",NA,NA
"HILIC-pos",5.86,269.1121,"","",NA,"",NA,NA
"HILIC-pos",6.1,126.0218,"HMDB00251","taurine",0.905,"HILIC-pos_Cluster_0066",6.1,126.0218056
"HILIC-pos",6.1,251.0356,"","",0.883,"HILIC-pos_Cluster_0721",6.1,251.0356203
"HILIC-pos",6.1,108.0114,"","",NA,"",NA,NA
"HILIC-pos",6.1,127.025,"","",NA,"",NA,NA
"HILIC-pos",6.1,128.0174,"","",NA,"",NA,NA
"HILIC-pos",6.1,148.0033,"","",NA,"",NA,NA
"HILIC-pos",6.1,167.0479,"","",NA,"",NA,NA
"HILIC-pos",6.1,398.0316,"","",NA,"",NA,NA
"HILIC-pos",6.13,169.9852,"","",NA,"",NA,NA
"HILIC-pos",6.14,239.1322,"","",NA,"",NA,NA
"HILIC-pos",6.28,258.1115,"","",0.957,"HILIC-pos_Cluster_0763",6.28,258.1115696
"HILIC-pos",6.3,184.0633,"","",0.985,"HILIC-pos_Cluster_0342",6.3,184.0633592
"HILIC-pos",6.3,185.0666,"","",NA,"",NA,NA
"HILIC-pos",6.3,207.0485,"","",NA,"",NA,NA
"HILIC-pos",6.3,229.1209,"","",NA,"",NA,NA
"HILIC-pos",6.31,206.0451,"","",0.987,"HILIC-pos_Cluster_0460",6.31,206.0449394
"HILIC-pos",6.31,327.1689,"","",NA,"",NA,NA
"HILIC-pos",6.32,208.0409,"","",NA,"",NA,NA
"HILIC-pos",6.34,198.127,"","",NA,"",NA,NA
"HILIC-pos",6.37,190.0856,"","",NA,"",NA,NA
"HILIC-pos",6.42,164.1428,"","",NA,"",NA,NA
"HILIC-pos",6.44,244.1323,"","",0.966,"HILIC-pos_Cluster_0683",6.44,244.1322238
"HILIC-pos",6.45,188.1063,"","",0.978,"HILIC-pos_Cluster_0370",6.45,188.1064026
"HILIC-pos",6.48,230.1167,"","",0.976,"HILIC-pos_Cluster_0614",6.51,230.1166599
"HILIC-pos",6.5,174.0908,"","",NA,"",NA,NA
"HILIC-pos",6.53,162.102,"","",NA,"",NA,NA
"HILIC-pos",6.54,357.1794,"","",NA,"",NA,NA
"HILIC-pos",6.57,200.1062,"","",0.972,"HILIC-pos_Cluster_0429",6.55,200.1063137
"HILIC-pos",6.6,204.1012,"","",NA,"",NA,NA
"HILIC-pos",6.64,174.0907,"","",0.978,"HILIC-pos_Cluster_0289",6.64,174.0908375
"HILIC-pos",6.65,184.1326,"","",0.979,"HILIC-pos_Cluster_0347",6.65,184.1325828
"HILIC-pos",6.68,209.1277,"","",NA,"",NA,NA
"HILIC-pos",6.71,176.07,"","",0.923,"HILIC-pos_Cluster_0301",6.69,176.0700221
"HILIC-pos",6.71,150.1273,"","",NA,"",NA,NA
"HILIC-pos",6.72,178.122,"","",NA,"",NA,NA
"HILIC-pos",6.72,232.1323,"","",NA,"",NA,NA
"HILIC-pos",6.73,176.1064,"","",0.96,"HILIC-pos_Cluster_0307",6.74,176.1065608
"HILIC-pos",6.9,232.0959,"","",0.975,"HILIC-pos_Cluster_0622",6.9,232.0958485
"HILIC-pos",6.95,137.0957,"","",NA,"",NA,NA
"HILIC-pos",6.98,178.122,"","",0.969,"HILIC-pos_Cluster_0315",7,178.1220212
"HILIC-pos",7.02,190.122,"","",NA,"",NA,NA
"HILIC-pos",7.06,204.1013,"","",NA,"",NA,NA
"HILIC-pos",7.09,234.1481,"","",NA,"",NA,NA
"HILIC-pos",7.1,136.1116,"","",NA,"",NA,NA
"HILIC-pos",7.23,124.0755,"","",0.968,"HILIC-pos_Cluster_0063",7.24,124.0755508
"HILIC-pos",7.26,312.2157,"HMDB13325","C10:2 carnitine",NA,"",NA,NA
"HILIC-pos",7.32,192.1013,"","",NA,"",NA,NA
"HILIC-pos",7.38,178.122,"","",NA,"",NA,NA
"HILIC-pos",7.42,124.0755,"","",0.973,"HILIC-pos_Cluster_0064",7.42,124.0755103
"HILIC-pos",7.44,98.0602,"","",NA,"",NA,NA
"HILIC-pos",7.45,192.1013,"","",NA,"",NA,NA
"HILIC-pos",7.48,202.1067,"","",NA,"",NA,NA
"HILIC-pos",7.54,274.1063,"","",0.992,"HILIC-pos_Cluster_0856",7.56,274.1063811
"HILIC-pos",7.57,144.1015,"","",NA,"",NA,NA
"HILIC-pos",7.59,128.0704,"","",NA,"",NA,NA
"HILIC-pos",7.6,134.0808,"","",NA,"",NA,NA
"HILIC-pos",7.61,122.0963,"","",0.969,"HILIC-pos_Cluster_0057",7.61,122.0963563
"HILIC-pos",7.61,308.1328,"","",NA,"",NA,NA
"HILIC-pos",7.62,218.1168,"","",NA,"",NA,NA
"HILIC-pos",7.64,257.1849,"","",NA,"",NA,NA
"HILIC-pos",7.67,110.06,"","",0.974,"HILIC-pos_Cluster_0028",7.72,110.0600168
"HILIC-pos",7.67,178.122,"","",0.973,"HILIC-pos_Cluster_0313",7.68,178.1220692
"HILIC-pos",7.67,194.1169,"","",NA,"",NA,NA
"HILIC-pos",7.67,236.1214,"","",NA,"",NA,NA
"HILIC-pos",7.7,166.1221,"","",0.982,"HILIC-pos_Cluster_0251",7.72,166.1221179
"HILIC-pos",7.72,212.1022,"","",NA,"",NA,NA
"HILIC-pos",7.73,248.1271,"","",NA,"",NA,NA
"HILIC-pos",7.74,280.1533,"","",NA,"",NA,NA
"HILIC-pos",7.74,707.3276,"","",NA,"",NA,NA
"HILIC-pos",7.76,184.1075,"","",NA,"",NA,NA
"HILIC-pos",7.78,228.1222,"","",0.982,"HILIC-pos_Cluster_0600",7.81,228.1223142
"HILIC-pos",7.78,248.1387,"","",NA,"",NA,NA
"HILIC-pos",7.79,300.1179,"","",NA,"",NA,NA
"HILIC-pos",7.79,314.1221,"","",NA,"",NA,NA
"HILIC-pos",7.79,332.1327,"","",NA,"",NA,NA
"HILIC-pos",7.8,138.0909,"","",NA,"",NA,NA
"HILIC-pos",7.8,250.1276,"","",NA,"",NA,NA
"HILIC-pos",7.83,254.1108,"","",NA,"",NA,NA
"HILIC-pos",7.84,206.1169,"","",0.982,"HILIC-pos_Cluster_0464",7.84,206.1168759
"HILIC-pos",7.84,254.1126,"","",NA,"",NA,NA
"HILIC-pos",7.86,158.0919,"","",0.982,"HILIC-pos_Cluster_0206",7.85,158.091901
"HILIC-pos",7.86,188.1064,"","",0.981,"HILIC-pos_Cluster_0371",7.86,188.1064764
"HILIC-pos",7.87,274.0911,"","",NA,"",NA,NA
"HILIC-pos",7.87,284.123,"","",NA,"",NA,NA
"HILIC-pos",7.87,308.1328,"","",NA,"",NA,NA
"HILIC-pos",7.88,279.1693,"","",NA,"",NA,NA
"HILIC-pos",7.89,208.1173,"","",NA,"",NA,NA
"HILIC-pos",7.89,254.1377,"","",NA,"",NA,NA
"HILIC-pos",7.89,300.1178,"","",NA,"",NA,NA
"HILIC-pos",7.9,274.1425,"","",NA,"",NA,NA
"HILIC-pos",7.9,290.1224,"","",NA,"",NA,NA
"HILIC-pos",7.9,301.1496,"","",NA,"",NA,NA
"HILIC-pos",8,214.1065,"","",0.974,"HILIC-pos_Cluster_0506",8.05,214.106667
"HILIC-pos",8,245.1487,"","",NA,"",NA,NA
"HILIC-pos",8.01,152.1065,"","",0.982,"HILIC-pos_Cluster_0186",8,152.1066315
"HILIC-pos",8.01,266.1489,"","",NA,"",NA,NA
"HILIC-pos",8.01,284.123,"","",NA,"",NA,NA
"HILIC-pos",8.02,201.1015,"","",NA,"",NA,NA
"HILIC-pos",8.06,208.0961,"","",NA,"",NA,NA
"HILIC-pos",8.07,124.0755,"","",NA,"",NA,NA
"HILIC-pos",8.09,178.122,"","",0.982,"HILIC-pos_Cluster_0314",8.09,178.1221379
"HILIC-pos",8.09,266.1376,"","",NA,"",NA,NA
"HILIC-pos",8.11,213.1226,"","",NA,"",NA,NA
"HILIC-pos",8.12,152.1065,"","",0.993,"HILIC-pos_Cluster_0187",8.12,152.1065051
"HILIC-pos",8.17,194.1169,"","",0.815,"HILIC-pos_Cluster_0401",8.16,194.1169867
"HILIC-pos",8.18,108.0807,"","",0.962,"HILIC-pos_Cluster_0026",8.18,108.0808119
"HILIC-pos",8.18,166.122,"","",0.984,"HILIC-pos_Cluster_0250",8.18,166.1220571
"HILIC-pos",8.31,129.102,"","",NA,"",NA,NA
"HILIC-pos",8.36,275.159,"","",NA,"",NA,NA
"HILIC-pos",8.42,138.0909,"","",0.976,"HILIC-pos_Cluster_0115",8.43,138.0910008
"HILIC-pos",8.43,248.1483,"","",NA,"",NA,NA
"HILIC-pos",8.47,94.0654,"","",0.959,"HILIC-pos_Cluster_0010",8.48,94.0653301
"HILIC-pos",8.47,95.0687,"","",NA,"",NA,NA
"HILIC-pos",8.55,238.1064,"","",NA,"",NA,NA
"HILIC-pos",8.56,208.1325,"","",0.977,"HILIC-pos_Cluster_0472",8.56,208.132424
"HILIC-pos",8.6,210.1118,"","",0.964,"HILIC-pos_Cluster_0485",8.6,210.1117438
"HILIC-pos",8.62,168.1013,"","",0.983,"HILIC-pos_Cluster_0264",8.62,168.1014205
"HILIC-pos",8.66,196.1326,"","",0.962,"HILIC-pos_Cluster_0415",8.64,196.1325485
"HILIC-pos",8.66,222.1117,"","",NA,"",NA,NA
"HILIC-pos",8.69,194.1169,"","",0.98,"HILIC-pos_Cluster_0402",8.68,194.1169679
"HILIC-pos",8.74,203.1384,"","",NA,"",NA,NA
"HILIC-pos",8.76,375.1747,"","",NA,"",NA,NA
"HILIC-pos",8.77,152.0701,"","",0.964,"HILIC-pos_Cluster_0183",8.76,152.0700396
"HILIC-pos",8.83,224.1273,"","",0.952,"HILIC-pos_Cluster_0565",8.79,224.1272712
"HILIC-pos",8.9,220.096,"","",0.984,"HILIC-pos_Cluster_0538",8.89,220.0959382
"HILIC-pos",8.9,251.113,"","",NA,"",NA,NA
"HILIC-pos",8.98,212.1275,"","",NA,"",NA,NA
"HILIC-pos",9.02,238.1065,"","",NA,"",NA,NA
"HILIC-pos",9.03,271.1643,"","",NA,"",NA,NA
"HILIC-pos",9.05,240.1335,"","",NA,"",NA,NA
"HILIC-pos",9.14,318.2123,"","",NA,"",NA,NA
"HILIC-pos",9.16,218.0803,"","",NA,"",NA,NA
"HILIC-pos",10.2,225.0864,"","",NA,"",NA,NA
"HILIC-pos",11.13,593.5184,"","",NA,"",NA,NA
