"Method","RT","m.z","HMDB.ID","Metabolite","Cor.QI.Genedata","Compound","gd_RT","gd_m.z","CompoundID2"
"C8-pos",11.5,614.587,"HMDB06725","C14:0 CE","","","","","TF07_C8-pos"
"C8-pos",4.28,468.3091,"HMDB10379","C14:0 LPC","","","","","4.28_468.3091m/z_C8-pos"
"C8-pos",7.55,675.5435,"HMDB12097","C14:0 SM","0.976","C8-pos_Cluster_1521","7.525760687","675.5414195","TF06_C8-pos"
"C8-pos",4.34,494.3266,"HMDB10383","C16:1 LPC","","","","","4.34_494.3266m/z_C8-pos"
"C8-pos",7.82,730.5377,"HMDB07874","C32:2 PC","","","","","7.82_730.5377m/z_C8-pos"
"C8-pos",9.2,746.6052,"HMDB11239","C34:1 PC plasmalogen-B","","","","","TF02_C8-pos"
"C8-pos",8.9,702.5427,"HMDB08952","C34:2 PE plasmalogen","","","","","TF05_C8-pos"
"C8-pos",8.62,742.5751,"HMDB11211","C34:3 PC plasmalogen","","","","","8.62_742.5751m/z_C8-pos"
"C8-pos",9.4,790.632,"HMDB08036","C36:0 PC","","","","","TF01_C8-pos"
"C8-pos",9.07,772.622,"HMDB11243","C36:2 PC plasmalogen","0.999","C8-pos_Cluster_1856","9.07880241","772.6225394","9.07_772.6220m/z_C8-pos"
"C8-pos",9.06,770.6066,"HMDB11244","C36:3 PC plasmalogen","","","","","9.06_770.6066m/z_C8-pos"
"C8-pos",9.15,814.6335,"HMDB08270","C38:2 PC","","","","","9.15_814.6335m/z_C8-pos"
"C8-pos",8.54,772.5845,"HMDB08942","C38:2 PE","","","","","TF04_C8-pos"
"C8-pos",7,385.3465,"HMDB00921","cholestenone","0.997","C8-pos_Cluster_0478","7.006923252","385.3462433","7.00_385.3465m/z_C8-pos"
"C8-pos",7,407.3285,"HMDB00921","cholestenone","0.974","C8-pos_Cluster_0554","7.008067632","407.3282888","7.00_407.3285m/z_C8-pos"
"C8-pos",7,425.3392,"HMDB00921","cholestenone","0.988","C8-pos_Cluster_0629","7.005191338","425.3389773","7.00_425.3392m/z_C8-pos"
"C8-pos",7,443.3997,"HMDB00921","cholestenone","0.977","C8-pos_Cluster_0705","7.00323382","443.399209","7.00_443.3997m/z_C8-pos"
"C8-pos",7,769.6855,"HMDB00921","cholestenone","1","C8-pos_Cluster_1849","7.003780747","769.6843257","7.00_769.6855m/z_C8-pos"
"C8-pos",7,791.6675,"HMDB00921","cholestenone","0.994","C8-pos_Cluster_1900","7.005319342","791.6676709","7.00_791.6675m/z_C8-pos"
"C8-pos",4.29,304.3001,"","","0.999","C8-pos_Cluster_0186","4.291260981","304.2999487","4.29_304.3001m/z_C8-pos"
"C8-pos",6.12,309.279,"","","0.999","C8-pos_Cluster_0206","6.12903743","309.2778689","6.12_309.2790m/z_C8-pos"
"C8-pos",6.12,326.3056,"","","0.999","C8-pos_Cluster_0272","6.1287921","326.3046107","6.12_326.3056m/z_C8-pos"
"C8-pos",6.12,331.2609,"","","0.999","C8-pos_Cluster_0286","6.152716413","331.2601613","6.12_331.2609m/z_C8-pos"
"C8-pos",4.01,355.2634,"","","0.989","C8-pos_Cluster_0368","4.021242879","355.2633191","4.01_355.2634m/z_C8-pos"
"C8-pos",8.32,359.2943,"","","0.986","C8-pos_Cluster_0388","8.308504203","359.2939619","8.32_359.2943m/z_C8-pos"
"C8-pos",4.01,373.274,"","","0.986","C8-pos_Cluster_0433","4.021609028","373.2730699","4.01_373.2740m/z_C8-pos"
"C8-pos",6.99,416.389,"","","0.939","C8-pos_Cluster_0595","6.998685788","416.3891552","6.99_416.3890m/z_C8-pos"
"C8-pos",4.01,426.3215,"","","0.99","C8-pos_Cluster_0635","4.021878237","426.3210521","4.01_426.3215m/z_C8-pos"
"C8-pos",4.01,431.277,"","","0.979","C8-pos_Cluster_0655","4.02253579","431.2762863","4.01_431.2770m/z_C8-pos"
"C8-pos",5.74,451.3182,"","","0.877","C8-pos_Cluster_0745","5.753483748","451.3178795","5.74_451.3182m/z_C8-pos"
"C8-pos",4.01,499.2648,"","","0.954","C8-pos_Cluster_0886","4.024994736","499.2643167","4.01_499.2648m/z_C8-pos"
"C8-pos",8.19,550.629,"","","0.988","C8-pos_Cluster_1038","8.186051125","550.6294029","8.19_550.6290m/z_C8-pos"
"C8-pos",4.75,576.4452,"","","0.997","C8-pos_Cluster_1120","4.747560971","576.4451614","4.75_576.4452m/z_C8-pos"
"C8-pos",4.75,587.4362,"","","0.998","C8-pos_Cluster_1165","4.747345323","587.4356785","4.75_587.4362m/z_C8-pos"
"C8-pos",4.01,589.2343,"","","0.932","C8-pos_Cluster_1171","4.028772802","589.2338512","4.01_589.2343m/z_C8-pos"
"C8-pos",6.99,620.411,"","","0.918","C8-pos_Cluster_1304","7.008444398","620.4105136","6.99_620.4110m/z_C8-pos"
"C8-pos",3.82,629.4031,"","","0.987","C8-pos_Cluster_1336","3.818747844","629.4014123","3.82_629.4031m/z_C8-pos"
"C8-pos",10.55,758.5774,"","","0.905","C8-pos_Cluster_1816","10.55593815","758.5813201","10.55_758.5774m/z_C8-pos"
"C8-pos",10.55,767.0896,"","","0.984","C8-pos_Cluster_1838","10.55764982","767.0888915","10.55_767.0896m/z_C8-pos"
"C8-pos",7.58,768.6133,"","","0.993","C8-pos_Cluster_1845","7.589058844","768.6120756","7.58_768.6133m/z_C8-pos"
"C8-pos",10.55,780.5581,"","","0.98","C8-pos_Cluster_1872","10.55610578","780.5564451","10.55_780.5581m/z_C8-pos"
"C8-pos",10.55,791.5495,"","","0.97","C8-pos_Cluster_1899","10.55593164","791.549801","10.55_791.5495m/z_C8-pos"
"C8-pos",9.72,809.6265,"","","0.936","C8-pos_Cluster_1954","9.722696918","809.6270273","9.72_809.6265m/z_C8-pos"
"C8-pos",10.55,825.5434,"","","0.974","C8-pos_Cluster_1994","10.55665267","825.5422815","10.55_825.5434m/z_C8-pos"
"C8-pos",7.71,1065.7055,"","","0.984","C8-pos_Cluster_2430","7.718049746","1065.705446","7.71_1065.7055m/z_C8-pos"
"C8-pos",7.71,1087.6874,"","","0.986","C8-pos_Cluster_2437","7.71683151","1087.686487","7.71_1087.6874m/z_C8-pos"
"C8-pos",4.73,214.0058,"","","","","","","4.73_214.0058m/z_C8-pos"
"C8-pos",8.83,214.0468,"","","","","","","8.83_214.0468m/z_C8-pos"
"C8-pos",2.31,214.1242,"","","","","","","2.31_214.1242m/z_C8-pos"
"C8-pos",6.12,263.2372,"","","","","","","6.12_263.2372m/z_C8-pos"
"C8-pos",3.88,285.1853,"","","","","","","3.88_285.1853m/z_C8-pos"
"C8-pos",4.4,287.2006,"","","","","","","4.40_287.2006m/z_C8-pos"
"C8-pos",6.56,311.2946,"","","","","","","6.56_311.2946m/z_C8-pos"
"C8-pos",3.14,331.0143,"","","","","","","3.14_331.0143m/z_C8-pos"
"C8-pos",3.88,331.1906,"","","","","","","3.88_331.1906m/z_C8-pos"
"C8-pos",4.01,337.2523,"","","","","","","4.01_337.2523m/z_C8-pos"
"C8-pos",3.88,353.1725,"","","","","","","3.88_353.1725m/z_C8-pos"
"C8-pos",10.55,357.2783,"","","","","","","10.55_357.2783m/z_C8-pos"
"C8-pos",3.95,358.2954,"","","","","","","3.95_358.2954m/z_C8-pos"
"C8-pos",4.75,359.294,"","","","","","","4.75_359.2940m/z_C8-pos"
"C8-pos",4.1,372.3112,"","","","","","","4.10_372.3112m/z_C8-pos"
"C8-pos",3.92,382.2943,"","","","","","","3.92_382.2943m/z_C8-pos"
"C8-pos",6.52,383.3311,"","","","","","","6.52_383.3311m/z_C8-pos"
"C8-pos",6.13,383.3675,"","","","","","","6.13_383.3675m/z_C8-pos"
"C8-pos",7,385.1473,"","","","","","","7.00_385.1473m/z_C8-pos"
"C8-pos",4.22,386.3267,"","","","","","","4.22_386.3267m/z_C8-pos"
"C8-pos",7,387.353,"","","","","","","7.00_387.3530m/z_C8-pos"
"C8-pos",4.75,394.3317,"","","","","","","4.75_394.3317m/z_C8-pos"
"C8-pos",4.06,396.3111,"","","","","","","4.06_396.3111m/z_C8-pos"
"C8-pos",6.35,397.3832,"","","","","","","6.35_397.3832m/z_C8-pos"
"C8-pos",4.24,398.3268,"","","","","","","4.24_398.3268m/z_C8-pos"
"C8-pos",4.75,399.2872,"","","","","","","4.75_399.2872m/z_C8-pos"
"C8-pos",4.47,400.3424,"","","","","","","4.47_400.3424m/z_C8-pos"
"C8-pos",6.01,401.3415,"","","","","","","6.01_401.3415m/z_C8-pos"
"C8-pos",6.52,405.3128,"","","","","","","6.52_405.3128m/z_C8-pos"
"C8-pos",7,409.3351,"","","","","","","7.00_409.3351m/z_C8-pos"
"C8-pos",4.04,414.3214,"","","","","","","4.04_414.3214m/z_C8-pos"
"C8-pos",6.99,423.3025,"","","","","","","6.99_423.3025m/z_C8-pos"
"C8-pos",4.5,424.3422,"","","","","","","4.50_424.3422m/z_C8-pos"
"C8-pos",4.01,428.3281,"","","","","","","4.01_428.3281m/z_C8-pos"
"C8-pos",5.74,429.3347,"","","","","","","5.74_429.3347m/z_C8-pos"
"C8-pos",7,430.4045,"","","","","","","7.00_430.4045m/z_C8-pos"
"C8-pos",6.28,433.3309,"","","","","","","6.28_433.3309m/z_C8-pos"
"C8-pos",4.01,440.3372,"","","","","","","4.01_440.3372m/z_C8-pos"
"C8-pos",5.44,451.3186,"","","","","","","5.44_451.3186m/z_C8-pos"
"C8-pos",4.74,459.3437,"","","","","","","4.74_459.3437m/z_C8-pos"
"C8-pos",7,475.316,"","","","","","","7.00_475.3160m/z_C8-pos"
"C8-pos",7.65,475.3789,"","","","","","","7.65_475.3789m/z_C8-pos"
"C8-pos",4.75,481.29,"","","","","","","4.75_481.2900m/z_C8-pos"
"C8-pos",6.99,484.4149,"","","","","","","6.99_484.4149m/z_C8-pos"
"C8-pos",4.38,493.326,"","","","","","","4.38_493.3260m/z_C8-pos"
"C8-pos",4.43,506.3239,"","","","","","","4.43_506.3239m/z_C8-pos"
"C8-pos",4.08,506.3243,"","","","","","","4.08_506.3243m/z_C8-pos"
"C8-pos",7,506.3974,"","","","","","","7.00_506.3974m/z_C8-pos"
"C8-pos",4.01,521.2468,"","","","","","","4.01_521.2468m/z_C8-pos"
"C8-pos",4.3,551.2573,"","","","","","","4.30_551.2573m/z_C8-pos"
"C8-pos",8.6,553.4971,"","","","","","","8.60_553.4971m/z_C8-pos"
"C8-pos",8.92,555.5133,"","","","","","","8.92_555.5133m/z_C8-pos"
"C8-pos",3.88,566.2555,"","","","","","","3.88_566.2555m/z_C8-pos"
"C8-pos",4.75,576.9469,"","","","","","","4.75_576.9469m/z_C8-pos"
"C8-pos",7,580.5087,"","","","","","","7.00_580.5087m/z_C8-pos"
"C8-pos",7,582.5246,"","","","","","","7.00_582.5246m/z_C8-pos"
"C8-pos",4.75,587.9379,"","","","","","","4.75_587.9379m/z_C8-pos"
"C8-pos",7,602.4908,"","","","","","","7.00_602.4908m/z_C8-pos"
"C8-pos",7,604.5075,"","","","","","","7.00_604.5075m/z_C8-pos"
"C8-pos",4.74,633.2302,"","","","","","","4.74_633.2302m/z_C8-pos"
"C8-pos",4.75,639.247,"","","","","","","4.75_639.2470m/z_C8-pos"
"C8-pos",7.22,712.5515,"","","","","","","7.22_712.5515m/z_C8-pos"
"C8-pos",10.55,759.586,"","","","","","","10.55_759.5860m/z_C8-pos"
"C8-pos",10.55,767.5911,"","","","","","","10.55_767.5911m/z_C8-pos"
"C8-pos",10.55,769.5654,"","","","","","","10.55_769.5654m/z_C8-pos"
"C8-pos",10.54,781.0598,"","","","","","","10.54_781.0598m/z_C8-pos"
"C8-pos",6.12,784.6078,"","","","","","","6.12_784.6078m/z_C8-pos"
"C8-pos",6.16,787.5483,"","","","","","","6.16_787.5483m/z_C8-pos"
"C8-pos",10.55,792.0512,"","","","","","","10.55_792.0512m/z_C8-pos"
"C8-pos",10.55,826.0455,"","","","","","","10.55_826.0455m/z_C8-pos"
"C8-pos",7.06,853.704,"","","","","","","7.06_853.7040m/z_C8-pos"
"C8-pos",10.54,859.5372,"","","","","","","10.54_859.5372m/z_C8-pos"
"C8-pos",10.56,860.039,"","","","","","","10.56_860.0390m/z_C8-pos"
"C8-pos",4.75,865.5544,"","","","","","","4.75_865.5544m/z_C8-pos"
"C8-pos",10.55,893.5304,"","","","","","","10.55_893.5304m/z_C8-pos"
"C8-pos",10.55,894.0329,"","","","","","","10.55_894.0329m/z_C8-pos"
"C8-pos",10.54,928.026,"","","","","","","10.54_928.0260m/z_C8-pos"
"C8-pos",11.72,945.7262,"","","","","","","11.72_945.7262m/z_C8-pos"
"C8-pos",11.76,954.7311,"","","","","","","11.76_954.7311m/z_C8-pos"
"C8-pos",4.75,955.5238,"","","","","","","4.75_955.5238m/z_C8-pos"
"C8-pos",11.76,956.7034,"","","","","","","11.76_956.7034m/z_C8-pos"
"C8-pos",11.29,962.7327,"","","","","","","11.29_962.7327m/z_C8-pos"
"C8-pos",11.76,967.6958,"","","","","","","11.76_967.6958m/z_C8-pos"
"C8-pos",11.27,970.7397,"","","","","","","11.27_970.7397m/z_C8-pos"
"C8-pos",4.75,1023.512,"","","","","","","4.75_1023.5120m/z_C8-pos"
"C18-neg",0.67,375.1261,"","","","","","","0.67_375.1261m/z_C18-neg"
"C18-neg",0.68,307.151,"","","","","","","0.68_307.1510m/z_C18-neg"
"C18-neg",0.68,387.1521,"","","","","","","0.68_387.1521m/z_C18-neg"
"C18-neg",0.68,469.2036,"","","","","","","0.68_469.2036m/z_C18-neg"
"C18-neg",0.69,331.2352,"","","","","","","0.69_331.2352m/z_C18-neg"
"C18-neg",0.74,165.0393,"","","","","","","0.74_165.0393m/z_C18-neg"
"C18-neg",0.75,223.0453,"","","","","","","0.75_223.0453m/z_C18-neg"
"C18-neg",0.77,152.034,"","","","","","","0.77_152.0340m/z_C18-neg"
"C18-neg",0.77,301.0464,"","","","","","","0.77_301.0464m/z_C18-neg"
"C18-neg",0.83,123.0074,"","","","","","","0.83_123.0074m/z_C18-neg"
"C18-neg",0.95,327.0624,"","","","","","","0.95_327.0624m/z_C18-neg"
"C18-neg",0.96,123.0074,"","","","","","","0.96_123.0074m/z_C18-neg"
"C18-neg",0.96,169.0131,"","","","","","","0.96_169.0131m/z_C18-neg"
"C18-neg",0.96,357.0759,"","","","","","","0.96_357.0759m/z_C18-neg"
"C18-neg",1,169.0129,"","","","","","","1.00_169.0129m/z_C18-neg"
"C18-neg",1.03,251.1037,"","","0.96","C18-neg_Cluster_0158","1.028841998","251.1035695","1.03_251.1037m/z_C18-neg"
"C18-neg",1.05,313.0467,"","","0.99","C18-neg_Cluster_0385","1.054396208","313.046551","1.05_313.0467m/z_C18-neg"
"C18-neg",1.08,149.0231,"","","","","","","1.08_149.0231m/z_C18-neg"
"C18-neg",1.22,405.2242,"","","","","","","1.22_405.2242m/z_C18-neg"
"C18-neg",1.23,136.0391,"","","0.99","C18-neg_Cluster_0012","1.239334202","136.0391164","1.23_136.0391m/z_C18-neg"
"C18-neg",1.23,180.0292,"","","0.99","C18-neg_Cluster_0037","1.23957062","180.0291054","1.23_180.0292m/z_C18-neg"
"C18-neg",1.23,181.0325,"","","","","","","1.23_181.0325m/z_C18-neg"
"C18-neg",1.29,149.0232,"","","","","","","1.29_149.0232m/z_C18-neg"
"C18-neg",1.3,261.9484,"","","","","","","1.30_261.9484m/z_C18-neg"
"C18-neg",1.32,252.0511,"","","1","C18-neg_Cluster_0162","1.325631848","252.0510687","1.32_252.0511m/z_C18-neg"
"C18-neg",1.33,108.044,"","","","","","","1.33_108.0440m/z_C18-neg"
"C18-neg",1.4,137.0231,"","","0.98","C18-neg_Cluster_0013","1.408224013","137.0231285","1.40_137.0231m/z_C18-neg"
"C18-neg",1.42,178.0136,"","","","","","","1.42_178.0136m/z_C18-neg"
"C18-neg",1.58,281.1393,"","","1","C18-neg_Cluster_0248","1.587313107","281.1393179","1.58_281.1393m/z_C18-neg"
"C18-neg",2.94,236.0559,"","","","","","","2.94_236.0559m/z_C18-neg"
"C18-neg",2.99,166.0132,"","","","","","","2.99_166.0132m/z_C18-neg"
"C18-neg",3.41,165.0545,"","","","","","","3.41_165.0545m/z_C18-neg"
"C18-neg",4.06,162.0185,"","","","","","","4.06_162.0185m/z_C18-neg"
"C18-neg",4.63,137.0231,"","","","","","","4.63_137.0231m/z_C18-neg"
"C18-neg",5.64,445.1901,"","","","","","","5.64_445.1901m/z_C18-neg"
"C18-neg",5.78,252.5723,"","","","","","","5.78_252.5723m/z_C18-neg"
"C18-neg",5.79,253.074,"","","","","","","5.79_253.0740m/z_C18-neg"
"C18-neg",5.8,186.055,"","","","","","","5.80_186.0550m/z_C18-neg"
"C18-neg",6.28,217.0476,"","","","","","","6.28_217.0476m/z_C18-neg"
"C18-neg",6.28,248.9857,"","","","","","","6.28_248.9857m/z_C18-neg"
"C18-neg",6.29,149.0595,"","","","","","","6.29_149.0595m/z_C18-neg"
"C18-neg",6.3,429.195,"","","","","","","6.30_429.1950m/z_C18-neg"
"C18-neg",6.42,569.2388,"","","","","","","6.42_569.2388m/z_C18-neg"
"C18-neg",6.71,569.2404,"","","","","","","6.71_569.2404m/z_C18-neg"
"C18-neg",6.88,442.1903,"","","0.96","C18-neg_Cluster_1152","6.890744546","442.1901087","6.88_442.1903m/z_C18-neg"
"C18-neg",7.02,535.3749,"","","","","","","7.02_535.3749m/z_C18-neg"
"C18-neg",7.26,498.2898,"HMDB00874","taurohyodeoxycholic acid/tauroursodeoxycholic acid","0.99","C18-neg_Cluster_1576","7.263042379","498.2896244","7.26_498.2898m/z_C18-neg"
"C18-neg",7.43,279.614,"","","","","","","7.43_279.6140m/z_C18-neg"
"C18-neg",7.45,484.2377,"","","","","","","7.45_484.2377m/z_C18-neg"
"C18-neg",7.89,569.3328,"","","","","","","7.89_569.3328m/z_C18-neg"
"C18-neg",7.97,569.3329,"","","","","","","7.97_569.3329m/z_C18-neg"
"C18-neg",8.18,452.3016,"","","","","","","8.18_452.3016m/z_C18-neg"
"C18-neg",8.21,336.1594,"","","","","","","8.21_336.1594m/z_C18-neg"
"C18-neg",8.26,480.2781,"","","0.98","C18-neg_Cluster_1439","8.275506257","480.2782086","8.26_480.2781m/z_C18-neg"
"C18-neg",8.29,453.2855,"","","0.98","C18-neg_Cluster_1241","8.294047386","453.2863209","8.29_453.2855m/z_C18-neg"
"C18-neg",8.34,531.2095,"","","","","","","8.34_531.2095m/z_C18-neg"
"C18-neg",8.52,345.1706,"","","0.99","C18-neg_Cluster_0564","8.532272512","345.1705793","8.52_345.1706m/z_C18-neg"
"C18-neg",8.66,556.3308,"","","0.98","C18-neg_Cluster_1883","8.672278528","556.3308783","8.66_556.3308m/z_C18-neg"
"C18-neg",8.66,624.3181,"","","0.96","C18-neg_Cluster_2133","8.67095555","624.3178039","8.66_624.3181m/z_C18-neg"
"C18-neg",8.77,556.3306,"","","0.98","C18-neg_Cluster_1884","8.783010665","556.3307049","8.77_556.3306m/z_C18-neg"
"C18-neg",8.98,556.3325,"","","","","","","8.98_556.3325m/z_C18-neg"
"C18-neg",8.99,345.1706,"","","","","","","8.99_345.1706m/z_C18-neg"
"C18-neg",9.01,553.3378,"","","0.99","C18-neg_Cluster_1861","9.021445238","553.336225","9.01_553.3378m/z_C18-neg"
"C18-neg",9.01,621.3253,"","","","","","","9.01_621.3253m/z_C18-neg"
"C18-neg",9.04,243.0327,"","","","","","","9.04_243.0327m/z_C18-neg"
"C18-neg",9.11,407.2799,"HMDB00619","cholate","0.95","C18-neg_Cluster_0930","9.127927494","407.280078","9.11_407.2799m/z_C18-neg"
"C18-neg",9.11,453.2857,"HMDB00619","cholate","0.95","C18-neg_Cluster_1258","9.128414728","453.2860945","9.11_453.2857m/z_C18-neg"
"C18-neg",9.11,470.2754,"HMDB00619","cholate","0.97","C18-neg_Cluster_1372","9.126423399","470.2750411","9.11_470.2754m/z_C18-neg"
"C18-neg",9.11,507.2048,"HMDB00619","cholate","0.96","C18-neg_Cluster_1621","9.126215389","507.2044101","9.11_507.2048m/z_C18-neg"
"C18-neg",9.11,525.2151,"HMDB00619","cholate","0.96","C18-neg_Cluster_1722","9.127677725","525.2148685","9.11_525.2151m/z_C18-neg"
"C18-neg",9.11,443.2566,"","","0.96","C18-neg_Cluster_1163","9.128183655","443.256701","9.11_443.2566m/z_C18-neg"
"C18-neg",9.11,492.2958,"","","0.92","C18-neg_Cluster_1533","9.128708395","492.2956874","9.11_492.2958m/z_C18-neg"
"C18-neg",9.11,409.2857,"","","","","","","9.11_409.2857m/z_C18-neg"
"C18-neg",9.11,456.2931,"","","","","","","9.11_456.2931m/z_C18-neg"
"C18-neg",9.12,492.258,"","","0.89","C18-neg_Cluster_1531","9.129522799","492.2580227","9.12_492.2580m/z_C18-neg"
"C18-neg",9.12,503.2676,"","","0.92","C18-neg_Cluster_1599","9.130943022","503.2677182","9.12_503.2676m/z_C18-neg"
"C18-neg",9.13,475.2672,"","","0.92","C18-neg_Cluster_1400","9.13120512","475.2669034","9.13_475.2672m/z_C18-neg"
"C18-neg",9.13,453.2602,"","","","","","","9.13_453.2602m/z_C18-neg"
"C18-neg",9.38,436.3066,"","","","","","","9.38_436.3066m/z_C18-neg"
"C18-neg",9.56,453.2856,"","","0.98","C18-neg_Cluster_1260","9.572102592","453.2858586","9.56_453.2856m/z_C18-neg"
"C18-neg",9.66,295.1208,"","","","","","","9.66_295.1208m/z_C18-neg"
"C18-neg",9.67,506.348,"","","0.98","C18-neg_Cluster_1618","9.683492904","506.348271","9.67_506.3480m/z_C18-neg"
"C18-neg",9.71,540.3356,"","","0.97","C18-neg_Cluster_1811","9.724203755","540.335645","9.71_540.3356m/z_C18-neg"
"C18-neg",9.78,294.6192,"","","","","","","9.78_294.6192m/z_C18-neg"
"C18-neg",9.78,537.3258,"","","","","","","9.78_537.3258m/z_C18-neg"
"C18-neg",9.85,506.3481,"","","0.99","C18-neg_Cluster_1619","9.864746496","506.3485177","9.85_506.3481m/z_C18-neg"
"C18-neg",9.85,574.3354,"","","","","","","9.85_574.3354m/z_C18-neg"
"C18-neg",9.89,526.3168,"","","0.96","C18-neg_Cluster_1733","9.910522085","526.3175096","9.89_526.3168m/z_C18-neg"
"C18-neg",9.92,540.336,"","","0.97","C18-neg_Cluster_1812","9.939136284","540.3357449","9.92_540.3360m/z_C18-neg"
"C18-neg",9.98,294.6192,"","","","","","","9.98_294.6192m/z_C18-neg"
"C18-neg",10.27,435.275,"","","0.98","C18-neg_Cluster_1103","10.27818323","435.2751377","10.27_435.2750m/z_C18-neg"
"C18-neg",10.34,343.1549,"","","1","C18-neg_Cluster_0557","10.35374337","343.1549559","10.34_343.1549m/z_C18-neg"
"C18-neg",10.54,437.0479,"","","","","","","10.54_437.0479m/z_C18-neg"
"C18-neg",10.54,476.2622,"","","","","","","10.54_476.2622m/z_C18-neg"
"C18-neg",10.55,391.2848,"HMDB00518","chenodeoxycholate","0.95","C18-neg_Cluster_0832","10.55509761","391.2849911","10.55_391.2848m/z_C18-neg"
"C18-neg",10.55,427.2615,"HMDB00518","chenodeoxycholate","0.97","C18-neg_Cluster_1045","10.55583923","427.2616027","10.55_427.2615m/z_C18-neg"
"C18-neg",10.55,459.2725,"HMDB00518","chenodeoxycholate","0.88","C18-neg_Cluster_1292","10.55694422","459.2725822","10.55_459.2725m/z_C18-neg"
"C18-neg",10.55,454.2813,"","","0.98","C18-neg_Cluster_1264","10.55561419","454.2807793","10.55_454.2813m/z_C18-neg"
"C18-neg",10.55,487.2726,"","","0.88","C18-neg_Cluster_1507","10.55547403","487.2725264","10.55_487.2726m/z_C18-neg"
"C18-neg",10.55,491.2105,"","","0.98","C18-neg_Cluster_1517","10.55536336","491.2102656","10.55_491.2105m/z_C18-neg"
"C18-neg",10.55,409.2953,"","","","","","","10.55_409.2953m/z_C18-neg"
"C18-neg",10.55,437.2908,"","","","","","","10.55_437.2908m/z_C18-neg"
"C18-neg",10.55,440.2979,"","","","","","","10.55_440.2979m/z_C18-neg"
"C18-neg",10.55,476.3008,"","","","","","","10.55_476.3008m/z_C18-neg"
"C18-neg",10.55,509.2211,"","","","","","","10.55_509.2211m/z_C18-neg"
"C18-neg",10.57,607.2018,"","","","","","","10.57_607.2018m/z_C18-neg"
"C18-neg",10.59,295.1374,"","","","","","","10.59_295.1374m/z_C18-neg"
"C18-neg",10.6,447.3113,"","","0.97","C18-neg_Cluster_1191","10.62120749","447.3114935","10.60_447.3113m/z_C18-neg"
"C18-neg",10.6,493.3169,"","","0.97","C18-neg_Cluster_1545","10.61167423","493.3168011","10.60_493.3169m/z_C18-neg"
"C18-neg",10.79,329.1756,"HMDB02121","carnosol","0.99","C18-neg_Cluster_0486","10.79400176","329.1756843","10.79_329.1756m/z_C18-neg"
"C18-neg",10.79,285.186,"","","","","","","10.79_285.1860m/z_C18-neg"
"C18-neg",10.91,465.3213,"","","","","","","10.91_465.3213m/z_C18-neg"
"C18-neg",10.95,447.3113,"","","0.94","C18-neg_Cluster_1193","10.95082249","447.3112568","10.95_447.3113m/z_C18-neg"
"C18-neg",11.09,482.3272,"","","0.91","C18-neg_Cluster_1466","11.09988907","482.3270139","11.09_482.3272m/z_C18-neg"
"C18-neg",11.33,577.3742,"","","","","","","11.33_577.3742m/z_C18-neg"
"C18-neg",11.72,501.2363,"","","","","","","11.72_501.2363m/z_C18-neg"
"C18-neg",11.73,375.2901,"","","0.99","C18-neg_Cluster_0733","11.73855374","375.2900202","11.73_375.2901m/z_C18-neg"
"C18-neg",11.73,421.2959,"","","0.99","C18-neg_Cluster_1014","11.73889814","421.2958623","11.73_421.2959m/z_C18-neg"
"C18-neg",11.73,443.2776,"","","0.98","C18-neg_Cluster_1166","11.73889188","443.2775259","11.73_443.2776m/z_C18-neg"
"C18-neg",11.73,475.2152,"","","1","C18-neg_Cluster_1398","11.73792086","475.2152716","11.73_475.2152m/z_C18-neg"
"C18-neg",11.73,505.2481,"","","0.92","C18-neg_Cluster_1610","11.73934436","505.2481078","11.73_505.2481m/z_C18-neg"
"C18-neg",11.73,511.2648,"","","0.94","C18-neg_Cluster_1653","11.73965999","511.2648252","11.73_511.2648m/z_C18-neg"
"C18-neg",11.73,523.2204,"","","0.82","C18-neg_Cluster_1702","11.73956141","523.2205211","11.73_523.2204m/z_C18-neg"
"C18-neg",11.73,566.2178,"","","0.89","C18-neg_Cluster_1915","11.73903076","566.2180076","11.73_566.2178m/z_C18-neg"
"C18-neg",11.73,579.2521,"","","0.85","C18-neg_Cluster_1954","11.7396689","579.2518003","11.73_579.2521m/z_C18-neg"
"C18-neg",11.73,411.2666,"","","","","","","11.73_411.2666m/z_C18-neg"
"C18-neg",11.73,423.302,"","","","","","","11.73_423.3020m/z_C18-neg"
"C18-neg",11.73,433.2484,"","","","","","","11.73_433.2484m/z_C18-neg"
"C18-neg",11.73,591.2081,"","","","","","","11.73_591.2081m/z_C18-neg"
"C18-neg",11.92,482.3272,"","","1","C18-neg_Cluster_1467","11.92896479","482.3273419","11.92_482.3272m/z_C18-neg"
"C18-neg",11.92,528.3325,"","","0.99","C18-neg_Cluster_1747","11.92879172","528.3328785","11.92_528.3325m/z_C18-neg"
"C18-neg",11.92,518.3037,"","","","","","","11.92_518.3037m/z_C18-neg"
"C18-neg",12.02,444.3328,"","","1","C18-neg_Cluster_1171","12.036717","444.3327081","12.02_444.3328m/z_C18-neg"
"C18-neg",12.16,331.2045,"","","","","","","12.16_331.2045m/z_C18-neg"
"C18-neg",12.16,333.2016,"","","","","","","12.16_333.2016m/z_C18-neg"
"C18-neg",12.28,331.2045,"","","","","","","12.28_331.2045m/z_C18-neg"
"C18-neg",12.28,333.2016,"","","","","","","12.28_333.2016m/z_C18-neg"
"C18-neg",12.35,331.2045,"","","","","","","12.35_331.2045m/z_C18-neg"
"C18-neg",12.38,334.2021,"","","0.99","C18-neg_Cluster_0514","12.39150716","334.2025456","12.38_334.2021m/z_C18-neg"
"C18-neg",12.42,375.2898,"HMDB00761","lithocholate","0.96","C18-neg_Cluster_0731","12.43252481","375.2901297","12.42_375.2898m/z_C18-neg"
"C18-neg",12.42,411.2669,"","","0.89","C18-neg_Cluster_0942","12.43176099","411.2663575","12.42_411.2669m/z_C18-neg"
"C18-neg",12.42,421.2961,"","","0.95","C18-neg_Cluster_1013","12.43280607","421.2962279","12.42_421.2961m/z_C18-neg"
"C18-neg",12.42,443.2774,"","","0.9","C18-neg_Cluster_1165","12.4338798","443.2773839","12.42_443.2774m/z_C18-neg"
"C18-neg",12.42,475.215,"","","0.94","C18-neg_Cluster_1397","12.43069695","475.2150581","12.42_475.2150m/z_C18-neg"
"C18-neg",12.42,194.9048,"","","","","","","12.42_194.9048m/z_C18-neg"
"C18-neg",12.42,377.2962,"","","","","","","12.42_377.2962m/z_C18-neg"
"C18-neg",12.42,421.5253,"","","","","","","12.42_421.5253m/z_C18-neg"
"C18-neg",12.42,424.3036,"","","","","","","12.42_424.3036m/z_C18-neg"
"C18-neg",12.42,445.2838,"","","","","","","12.42_445.2838m/z_C18-neg"
"C18-neg",12.42,473.2215,"","","","","","","12.42_473.2215m/z_C18-neg"
"C18-neg",12.59,501.2717,"","","","","","","12.59_501.2717m/z_C18-neg"
"C18-neg",12.61,345.2069,"","","1","C18-neg_Cluster_0566","12.62351317","345.2069029","12.61_345.2069m/z_C18-neg"
"C18-neg",12.66,421.2958,"","","","","","","12.66_421.2958m/z_C18-neg"
"C18-neg",12.75,570.2654,"","","0.98","C18-neg_Cluster_1931","12.75719614","570.2652105","12.75_570.2654m/z_C18-neg"
"C18-neg",12.82,403.139,"","","","","","","12.82_403.1390m/z_C18-neg"
"C18-neg",12.9,347.2694,"","","","","","","12.90_347.2694m/z_C18-neg"
"C18-neg",12.97,333.2201,"","","","","","","12.97_333.2201m/z_C18-neg"
"C18-neg",12.97,335.2173,"","","","","","","12.97_335.2173m/z_C18-neg"
"C18-neg",13.09,333.2202,"","","","","","","13.09_333.2202m/z_C18-neg"
"C18-neg",13.22,607.3847,"","","","","","","13.22_607.3847m/z_C18-neg"
"C18-neg",13.25,361.1661,"","","","","","","13.25_361.1661m/z_C18-neg"
"C18-neg",13.28,453.3371,"","","","","","","13.28_453.3371m/z_C18-neg"
"C18-neg",13.28,499.3427,"","","","","","","13.28_499.3427m/z_C18-neg"
"C18-neg",13.67,577.3739,"","","0.99","C18-neg_Cluster_1947","13.67527449","577.3740723","13.67_577.3739m/z_C18-neg"
"C18-neg",13.67,579.3833,"","","","","","","13.67_579.3833m/z_C18-neg"
"C18-neg",14.12,579.3896,"","","","","","","14.12_579.3896m/z_C18-neg"
"C18-neg",14.2,414.2648,"","","","","","","14.20_414.2648m/z_C18-neg"
"C18-neg",14.3,349.1705,"","","0.98","C18-neg_Cluster_0580","14.31157535","349.1704671","14.30_349.1705m/z_C18-neg"
"C18-neg",14.3,351.1676,"","","","","","","14.30_351.1676m/z_C18-neg"
"C18-neg",14.37,421.1055,"","","","","","","14.37_421.1055m/z_C18-neg"
"C18-neg",14.42,421.1054,"","","","","","","14.42_421.1054m/z_C18-neg"
"C18-neg",14.9,353.1833,"","","","","","","14.90_353.1833m/z_C18-neg"
"C18-neg",14.91,351.1862,"","","","","","","14.91_351.1862m/z_C18-neg"
"C18-neg",15.09,607.4212,"","","0.96","C18-neg_Cluster_2071","15.09493336","607.4206884","15.09_607.4212m/z_C18-neg"
"C18-neg",17.38,321.2098,"","","","","","","17.38_321.2098m/z_C18-neg"
"HILIC-neg",0.99,574.3174,"","","","","","","cmp.0.99_574.3174mz_HILIC-neg"
"HILIC-neg",1.01,589.3198,"","","","","","","cmp.1.01_589.3198mz_HILIC-neg"
"HILIC-neg",1.02,615.3725,"","","","","","","cmp.1.02_615.3725mz_HILIC-neg"
"HILIC-neg",1.06,514.3245,"","","","","","","cmp.1.06_514.3245mz_HILIC-neg"
"HILIC-neg",1.07,209.1294,"","","","","","","cmp.1.07_209.1294mz_HILIC-neg"
"HILIC-neg",1.1,573.3637,"","","","","","","cmp.1.10_573.3637mz_HILIC-neg"
"HILIC-neg",1.1,553.3383,"","","","","","","cmp.1.10_553.3383mz_HILIC-neg"
"HILIC-neg",1.12,567.3174,"","","","","","","cmp.1.12_567.3174mz_HILIC-neg"
"HILIC-neg",1.13,549.307,"","","","","","","cmp.1.13_549.3070mz_HILIC-neg"
"HILIC-neg",1.15,575.3429,"","","","","","","cmp.1.15_575.3429mz_HILIC-neg"
"HILIC-neg",1.15,571.3484,"","","","","","","cmp.1.15_571.3484mz_HILIC-neg"
"HILIC-neg",1.15,537.3508,"","","","","","","cmp.1.15_537.3508mz_HILIC-neg"
"HILIC-neg",1.15,569.333,"","","","","","","cmp.1.15_569.3330mz_HILIC-neg"
"HILIC-neg",1.15,551.3241,"","","","","","","cmp.1.15_551.3241mz_HILIC-neg"
"HILIC-neg",1.16,165.0919,"","","","","","","cmp.1.16_165.0919mz_HILIC-neg"
"HILIC-neg",1.16,539.3224,"","","","","","","cmp.1.16_539.3224mz_HILIC-neg"
"HILIC-neg",1.16,573.3276,"","","","","","","cmp.1.16_573.3276mz_HILIC-neg"
"HILIC-neg",1.16,221.093,"","","","","","","cmp.1.16_221.0930mz_HILIC-neg"
"HILIC-neg",1.17,426.2141,"","","","","","","cmp.1.17_426.2141mz_HILIC-neg"
"HILIC-neg",1.17,555.3515,"","","","","","","cmp.1.17_555.3515mz_HILIC-neg"
"HILIC-neg",1.17,587.3439,"","","","","","","cmp.1.17_587.3439mz_HILIC-neg"
"HILIC-neg",1.19,222.0919,"","","","","","","cmp.1.19_222.0919mz_HILIC-neg"
"HILIC-neg",1.26,482.3277,"","","0.96","HILIC-neg_Cluster_1631","1.28","482.327","cmp.1.26_482.3277mz_HILIC-neg"
"HILIC-neg",1.37,112.0525,"","","","","","","cmp.1.37_112.0525mz_HILIC-neg"
"HILIC-neg",1.44,113.0549,"","","","","","","cmp.1.44_113.0549mz_HILIC-neg"
"HILIC-neg",1.44,112.0515,"","","0.94","HILIC-neg_Cluster_0050","1.46","112.0515","cmp.1.44_112.0515mz_HILIC-neg"
"HILIC-neg",1.67,345.1704,"","","0.95","HILIC-neg_Cluster_1200","1.7","345.1705","cmp.1.67_345.1704mz_HILIC-neg"
"HILIC-neg",1.68,329.1756,"","","0.99","HILIC-neg_Cluster_1123","1.72","329.1758","cmp.1.68_329.1756mz_HILIC-neg"
"HILIC-neg",1.79,258.0979,"","","","","","","cmp.1.79_258.0979mz_HILIC-neg"
"HILIC-neg",1.87,264.0685,"","","","","","","cmp.1.87_264.0685mz_HILIC-neg"
"HILIC-neg",2.34,324.0933,"","","","","","","cmp.2.34_324.0933mz_HILIC-neg"
"HILIC-neg",2.46,241.0927,"","","","","","","cmp.2.46_241.0927mz_HILIC-neg"
"HILIC-neg",2.47,304.0885,"","","","","","","cmp.2.47_304.0885mz_HILIC-neg"
"HILIC-neg",2.72,332.1051,"","","","","","","cmp.2.72_332.1051mz_HILIC-neg"
"HILIC-neg",2.91,178.0892,"","","","","","","cmp.2.91_178.0892mz_HILIC-neg"
"HILIC-neg",2.94,469.2633,"","","","","","","cmp.2.94_469.2633mz_HILIC-neg"
"HILIC-neg",2.99,396.348,"","","","","","","cmp.2.99_396.3480mz_HILIC-neg"
"HILIC-neg",3.02,404.2471,"","","","","","","cmp.3.02_404.2471mz_HILIC-neg"
"HILIC-neg",3.04,329.1756,"","","","","","","cmp.3.04_329.1756mz_HILIC-neg"
"HILIC-neg",3.1,442.1903,"","","","","","","cmp.3.10_442.1903mz_HILIC-neg"
"HILIC-neg",3.19,453.2621,"","","","","","","cmp.3.19_453.2621mz_HILIC-neg"
"HILIC-neg",3.21,343.1547,"","","","","","","cmp.3.21_343.1547mz_HILIC-neg"
"HILIC-neg",3.23,279.2204,"","","","","","","cmp.3.23_279.2204mz_HILIC-neg"
"HILIC-neg",3.31,362.233,"","","","","","","cmp.3.31_362.2330mz_HILIC-neg"
"HILIC-neg",3.41,353.2316,"","","","","","","cmp.3.41_353.2316mz_HILIC-neg"
"HILIC-neg",3.41,457.2228,"","","","","","","cmp.3.41_457.2228mz_HILIC-neg"
"HILIC-neg",3.44,345.2068,"","","1","HILIC-neg_Cluster_1202","3.44","345.2074","cmp.3.44_345.2068mz_HILIC-neg"
"HILIC-neg",3.47,556.3306,"","","0.98","HILIC-neg_Cluster_1771","3.49","556.3309","cmp.3.47_556.3306mz_HILIC-neg"
"HILIC-neg",3.48,383.1752,"","","","","","","cmp.3.48_383.1752mz_HILIC-neg"
"HILIC-neg",3.52,172.0614,"","","","","","","cmp.3.52_172.0614mz_HILIC-neg"
"HILIC-neg",3.53,225.1093,"","","","","","","cmp.3.53_225.1093mz_HILIC-neg"
"HILIC-neg",3.55,459.2149,"","","","","","","cmp.3.55_459.2149mz_HILIC-neg"
"HILIC-neg",3.56,143.1075,"HMDB00482","caprylic acid","1","HILIC-neg_Cluster_0156","3.6","143.1074","cmp.3.56_143.1075mz_HILIC-neg"
"HILIC-neg",3.57,225.11,"","","","","","","cmp.3.57_225.1100mz_HILIC-neg"
"HILIC-neg",3.58,361.2018,"","","","","","","cmp.3.58_361.2018mz_HILIC-neg"
"HILIC-neg",3.59,225.11,"","","","","","","cmp.3.59_225.1100mz_HILIC-neg"
"HILIC-neg",3.63,246.0076,"","","","","","","cmp.3.63_246.0076mz_HILIC-neg"
"HILIC-neg",3.72,273.0882,"","","","","","","cmp.3.72_273.0882mz_HILIC-neg"
"HILIC-neg",3.76,570.3429,"","","","","","","cmp.3.76_570.3429mz_HILIC-neg"
"HILIC-neg",3.77,361.2019,"","","","","","","cmp.3.77_361.2019mz_HILIC-neg"
"HILIC-neg",3.77,506.3482,"","","0.99","HILIC-neg_Cluster_1682","3.79","506.348","cmp.3.77_506.3482mz_HILIC-neg"
"HILIC-neg",3.77,405.2239,"","","0.99","HILIC-neg_Cluster_1397","3.78","405.2236","cmp.3.77_405.2239mz_HILIC-neg"
"HILIC-neg",3.8,273.0904,"","","","","","","cmp.3.80_273.0904mz_HILIC-neg"
"HILIC-neg",3.8,227.1148,"","","0.98","HILIC-neg_Cluster_0606","3.81","227.1147","cmp.3.80_227.1148mz_HILIC-neg"
"HILIC-neg",3.82,265.1191,"","","","","","","cmp.3.82_265.1191mz_HILIC-neg"
"HILIC-neg",3.84,238.035,"","","","","","","cmp.3.84_238.0350mz_HILIC-neg"
"HILIC-neg",3.86,149.0605,"HMDB00764","hydrocinnamic acid","0.98","HILIC-neg_Cluster_0181","3.88","149.0607","cmp.3.86_149.0605mz_HILIC-neg"
"HILIC-neg",3.87,231.0635,"","","0.89","HILIC-neg_Cluster_0635","3.87","231.0635","cmp.3.87_231.0635mz_HILIC-neg"
"HILIC-neg",3.89,525.357,"","","","","","","cmp.3.89_525.3570mz_HILIC-neg"
"HILIC-neg",3.9,231.0604,"","","","","","","cmp.3.90_231.0604mz_HILIC-neg"
"HILIC-neg",3.92,377.1938,"","","","","","","cmp.3.92_377.1938mz_HILIC-neg"
"HILIC-neg",3.93,375.2901,"HMDB00761","lithocholate","0.97","HILIC-neg_Cluster_1303","3.95","375.2902","cmp.3.93_375.2901mz_HILIC-neg"
"HILIC-neg",3.93,137.0242,"HMDB01895","salicylate","0.97","HILIC-neg_Cluster_0129","3.96","137.0242","cmp.3.93_137.0242mz_HILIC-neg"
"HILIC-neg",3.93,421.2977,"","","","","","","cmp.3.93_421.2977mz_HILIC-neg"
"HILIC-neg",3.93,377.2966,"","","","","","","cmp.3.93_377.2966mz_HILIC-neg"
"HILIC-neg",3.94,437.3176,"","","","","","","cmp.3.94_437.3176mz_HILIC-neg"
"HILIC-neg",3.94,100.9104,"","","","","","","cmp.3.94_100.9104mz_HILIC-neg"
"HILIC-neg",3.94,93.95,"","","","","","","cmp.3.94_93.9500mz_HILIC-neg"
"HILIC-neg",3.94,435.3113,"","","0.97","HILIC-neg_Cluster_1481","3.95","435.3109","cmp.3.94_435.3113mz_HILIC-neg"
"HILIC-neg",3.95,93.0344,"","","","","","","cmp.3.95_93.0344mz_HILIC-neg"
"HILIC-neg",3.95,232.1188,"","","","","","","cmp.3.95_232.1188mz_HILIC-neg"
"HILIC-neg",3.96,251.1035,"","","0.96","HILIC-neg_Cluster_0744","3.98","251.1033","cmp.3.96_251.1035mz_HILIC-neg"
"HILIC-neg",3.98,307.1508,"","","","","","","cmp.3.98_307.1508mz_HILIC-neg"
"HILIC-neg",3.99,292.14,"","","","","","","cmp.3.99_292.1400mz_HILIC-neg"
"HILIC-neg",4,557.3339,"","","","","","","cmp.4.00_557.3339mz_HILIC-neg"
"HILIC-neg",4,526.3168,"","","0.98","HILIC-neg_Cluster_1731","4.03","526.317","cmp.4.00_526.3168mz_HILIC-neg"
"HILIC-neg",4.01,540.297,"","","","","","","cmp.4.01_540.2970mz_HILIC-neg"
"HILIC-neg",4.02,464.3012,"HMDB00138","glycocholate","0.91","HILIC-neg_Cluster_1571","4.04","464.3012","cmp.4.02_464.3012mz_HILIC-neg"
"HILIC-neg",4.04,489.2643,"","","","","","","cmp.4.04_489.2643mz_HILIC-neg"
"HILIC-neg",4.06,443.2512,"","","","","","","cmp.4.06_443.2512mz_HILIC-neg"
"HILIC-neg",4.07,441.241,"","","0.99","HILIC-neg_Cluster_1498","4.1","441.241","cmp.4.07_441.2410mz_HILIC-neg"
"HILIC-neg",4.09,337.1416,"","","","","","","cmp.4.09_337.1416mz_HILIC-neg"
"HILIC-neg",4.1,393.1878,"","","","","","","cmp.4.10_393.1878mz_HILIC-neg"
"HILIC-neg",4.1,444.2578,"","","","","","","cmp.4.10_444.2578mz_HILIC-neg"
"HILIC-neg",4.12,236.0563,"","","","","","","cmp.4.12_236.0563mz_HILIC-neg"
"HILIC-neg",4.15,379.1719,"","","","","","","cmp.4.15_379.1719mz_HILIC-neg"
"HILIC-neg",4.15,443.2565,"","","0.94","HILIC-neg_Cluster_1503","4.17","443.2559","cmp.4.15_443.2565mz_HILIC-neg"
"HILIC-neg",4.15,465.2383,"","","0.95","HILIC-neg_Cluster_1573","4.18","465.2384","cmp.4.15_465.2383mz_HILIC-neg"
"HILIC-neg",4.16,542.3119,"","","0.97","HILIC-neg_Cluster_1759","4.18","542.3112","cmp.4.16_542.3119mz_HILIC-neg"
"HILIC-neg",4.18,489.2823,"","","0.94","HILIC-neg_Cluster_1648","4.22","489.2831","cmp.4.18_489.2823mz_HILIC-neg"
"HILIC-neg",4.19,407.28,"HMDB00619","cholate","0.95","HILIC-neg_Cluster_1403","4.21","407.2798","cmp.4.19_407.2800mz_HILIC-neg"
"HILIC-neg",4.19,409.286,"","","","","","","cmp.4.19_409.2860mz_HILIC-neg"
"HILIC-neg",4.19,530.3107,"","","","","","","cmp.4.19_530.3107mz_HILIC-neg"
"HILIC-neg",4.2,503.2682,"","","0.92","HILIC-neg_Cluster_1680","4.22","503.2679","cmp.4.20_503.2682mz_HILIC-neg"
"HILIC-neg",4.21,468.3021,"","","","","","","cmp.4.21_468.3021mz_HILIC-neg"
"HILIC-neg",4.23,345.1704,"","","","","","","cmp.4.23_345.1704mz_HILIC-neg"
"HILIC-neg",4.28,291.0976,"","","","","","","cmp.4.28_291.0976mz_HILIC-neg"
"HILIC-neg",4.51,152.0351,"","","0.89","HILIC-neg_Cluster_0194","4.52","152.0351","cmp.4.51_152.0351mz_HILIC-neg"
"HILIC-neg",4.52,553.3381,"","","","","","","cmp.4.52_553.3381mz_HILIC-neg"
"HILIC-neg",4.53,108.0454,"","","0.89","HILIC-neg_Cluster_0039","4.52","108.0454","cmp.4.53_108.0454mz_HILIC-neg"
"HILIC-neg",4.54,153.0384,"","","","","","","cmp.4.54_153.0384mz_HILIC-neg"
"HILIC-neg",4.54,164.035,"","","","","","","cmp.4.54_164.0350mz_HILIC-neg"
"HILIC-neg",4.55,237.0127,"","","","","","","cmp.4.55_237.0127mz_HILIC-neg"
"HILIC-neg",4.66,152.0333,"","","","","","","cmp.4.66_152.0333mz_HILIC-neg"
"HILIC-neg",4.67,387.1518,"","","0.98","HILIC-neg_Cluster_1341","4.68","387.151","cmp.4.67_387.1518mz_HILIC-neg"
"HILIC-neg",4.68,152.0334,"","","","","","","cmp.4.68_152.0334mz_HILIC-neg"
"HILIC-neg",4.72,239.0672,"","","","","","","cmp.4.72_239.0672mz_HILIC-neg"
"HILIC-neg",4.73,106.0423,"","","","","","","cmp.4.73_106.0423mz_HILIC-neg"
"HILIC-neg",4.79,327.0898,"","","","","","","cmp.4.79_327.0898mz_HILIC-neg"
"HILIC-neg",4.81,180.0315,"","","","","","","cmp.4.81_180.0315mz_HILIC-neg"
"HILIC-neg",4.81,273.0516,"","","","","","","cmp.4.81_273.0516mz_HILIC-neg"
"HILIC-neg",4.84,307.1508,"","","","","","","cmp.4.84_307.1508mz_HILIC-neg"
"HILIC-neg",4.88,355.0881,"","","","","","","cmp.4.88_355.0881mz_HILIC-neg"
"HILIC-neg",4.9,223.0722,"","","","","","","cmp.4.90_223.0722mz_HILIC-neg"
"HILIC-neg",5,152.0334,"","","","","","","cmp.5.00_152.0334mz_HILIC-neg"
"HILIC-neg",5.18,194.0437,"","","","","","","cmp.5.18_194.0437mz_HILIC-neg"
"HILIC-neg",5.23,254.0128,"","","","","","","cmp.5.23_254.0128mz_HILIC-neg"
"HILIC-neg",5.44,209.9865,"","","","","","","cmp.5.44_209.9865mz_HILIC-neg"
"HILIC-neg",5.44,137.0242,"","","0.95","HILIC-neg_Cluster_0128","5.47","137.0243","cmp.5.44_137.0242mz_HILIC-neg"
"HILIC-neg",5.46,93.0345,"","","","","","","cmp.5.46_93.0345mz_HILIC-neg"
"HILIC-neg",6.39,294.083,"","","","","","","cmp.6.39_294.0830mz_HILIC-neg"
"HILIC-neg",6.42,308.0985,"","","","","","","cmp.6.42_308.0985mz_HILIC-neg"
"HILIC-neg",6.51,315.6426,"","","","","","","cmp.6.51_315.6426mz_HILIC-neg"
"HILIC-neg",6.59,252.0334,"","","","","","","cmp.6.59_252.0334mz_HILIC-neg"
"HILIC-neg",6.67,295.1207,"","","","","","","cmp.6.67_295.1207mz_HILIC-neg"
"HILIC-neg",6.67,294.6192,"","","","","","","cmp.6.67_294.6192mz_HILIC-neg"
"HILIC-neg",6.69,301.6272,"","","","","","","cmp.6.69_301.6272mz_HILIC-neg"
"HILIC-neg",6.71,308.635,"","","","","","","cmp.6.71_308.6350mz_HILIC-neg"
"HILIC-neg",6.72,300.6375,"","","","","","","cmp.6.72_300.6375mz_HILIC-neg"
"HILIC-neg",6.83,469.1752,"","","","","","","cmp.6.83_469.1752mz_HILIC-neg"
"HILIC-neg",6.87,287.6116,"","","","","","","cmp.6.87_287.6116mz_HILIC-neg"
"HILIC-neg",6.89,266.6062,"","","","","","","cmp.6.89_266.6062mz_HILIC-neg"
"HILIC-neg",6.93,252.5724,"","","","","","","cmp.6.93_252.5724mz_HILIC-neg"
"HILIC-neg",6.94,279.614,"","","","","","","cmp.6.94_279.6140mz_HILIC-neg"
"HILIC-neg",6.95,421.1827,"","","","","","","cmp.6.95_421.1827mz_HILIC-neg"
"HILIC-neg",6.95,357.0758,"","","0.99","HILIC-neg_Cluster_1238","6.94","357.0757","cmp.6.95_357.0758mz_HILIC-neg"
"HILIC-neg",7.49,103.0036,"HMDB00691","malonate","0.95","HILIC-neg_Cluster_0033","7.48","103.0036","cmp.7.49_103.0036mz_HILIC-neg"
"HILIC-neg",7.77,88.988,"HMDB02329","oxalate","0.75","HILIC-neg_Cluster_0016","7.77","88.988","cmp.7.77_88.9880mz_HILIC-neg"
"HILIC-neg",8.72,402.1918,"","","","","","","cmp.8.72_402.1918mz_HILIC-neg"
"HILIC-neg",9.48,327.062,"","","0.98","HILIC-neg_Cluster_1098","9.57","327.062","cmp.9.48_327.0620mz_HILIC-neg"
"HILIC-neg",9.92,313.0562,"","","","","","","cmp.9.92_313.0562mz_HILIC-neg"
"HILIC-neg",10.9,295.8921,"","","","","","","cmp.10.90_295.8921mz_HILIC-neg"
"HILIC-neg",14.67,190.0327,"","","","","","","cmp.14.67_190.0327mz_HILIC-neg"
"HILIC-pos",1.1,369.3501,"","","","","","","1.10_369.3501m/z_HILIC-pos"
"HILIC-pos",1.1,371.3568,"","","","","","","1.10_371.3568m/z_HILIC-pos"
"HILIC-pos",1.1,383.3657,"","","","","","","1.10_383.3657m/z_HILIC-pos"
"HILIC-pos",1.1,397.3813,"","","","","","","1.10_397.3813m/z_HILIC-pos"
"HILIC-pos",1.57,555.5113,"","","","","","","1.57_555.5113m/z_HILIC-pos"
"HILIC-pos",1.66,331.189,"","","0.986","HILIC-pos_Cluster_1184","1.67","331.1891588","1.66_331.1890m/z_HILIC-pos"
"HILIC-pos",1.66,376.2467,"","","","","","","1.66_376.2467m/z_HILIC-pos"
"HILIC-pos",1.66,415.3828,"","","","","","","1.66_415.3828m/z_HILIC-pos"
"HILIC-pos",1.67,385.3448,"","","0.989","HILIC-pos_Cluster_1425","1.69","385.3448893","1.67_385.3448m/z_HILIC-pos"
"HILIC-pos",1.67,399.3605,"","","0.982","HILIC-pos_Cluster_1485","1.68","399.3605097","1.67_399.3605m/z_HILIC-pos"
"HILIC-pos",1.67,411.3605,"","","0.968","HILIC-pos_Cluster_1519","1.69","411.3606334","1.67_411.3605m/z_HILIC-pos"
"HILIC-pos",1.67,413.3761,"","","0.985","HILIC-pos_Cluster_1524","1.68","413.3762234","1.67_413.3761m/z_HILIC-pos"
"HILIC-pos",1.67,387.3515,"","","","","","","1.67_387.3515m/z_HILIC-pos"
"HILIC-pos",1.67,397.3448,"","","","","","","1.67_397.3448m/z_HILIC-pos"
"HILIC-pos",1.68,430.4025,"","","0.974","HILIC-pos_Cluster_1601","1.68","430.4024387","1.68_430.4025m/z_HILIC-pos"
"HILIC-pos",1.68,109.0648,"","","","","","","1.68_109.0648m/z_HILIC-pos"
"HILIC-pos",1.69,371.1474,"","","","","","","1.69_371.1474m/z_HILIC-pos"
"HILIC-pos",1.8,380.2419,"","","","","","","1.80_380.2419m/z_HILIC-pos"
"HILIC-pos",1.83,768.6104,"","","0.98","HILIC-pos_Cluster_2357","1.83","768.6109773","1.83_768.6104m/z_HILIC-pos"
"HILIC-pos",1.91,567.2944,"","","0.994","HILIC-pos_Cluster_2002","1.92","567.2941791","1.91_567.2944m/z_HILIC-pos"
"HILIC-pos",1.91,285.0495,"","","","","","","1.91_285.0495m/z_HILIC-pos"
"HILIC-pos",1.92,466.3298,"","","0.995","HILIC-pos_Cluster_1727","1.91","466.3298004","1.92_466.3298m/z_HILIC-pos"
"HILIC-pos",1.92,484.3403,"","","0.995","HILIC-pos_Cluster_1791","1.93","484.3398923","1.92_484.3403m/z_HILIC-pos"
"HILIC-pos",1.94,355.2618,"","","0.984","HILIC-pos_Cluster_1294","1.95","355.2617701","1.94_355.2618m/z_HILIC-pos"
"HILIC-pos",1.94,373.2722,"","","0.983","HILIC-pos_Cluster_1377","1.95","373.2722263","1.94_373.2722m/z_HILIC-pos"
"HILIC-pos",1.94,375.2793,"","","","","","","1.94_375.2793m/z_HILIC-pos"
"HILIC-pos",1.94,781.558,"","","","","","","1.94_781.5580m/z_HILIC-pos"
"HILIC-pos",1.95,426.3197,"","","0.982","HILIC-pos_Cluster_1585","1.97","426.3191957","1.95_426.3197m/z_HILIC-pos"
"HILIC-pos",1.95,504.3123,"","","0.875","HILIC-pos_Cluster_1843","1.95","504.3121512","1.95_504.3123m/z_HILIC-pos"
"HILIC-pos",1.95,313.215,"","","","","","","1.95_313.2150m/z_HILIC-pos"
"HILIC-pos",1.95,428.3264,"","","","","","","1.95_428.3264m/z_HILIC-pos"
"HILIC-pos",1.97,431.2759,"","","","","","","1.97_431.2759m/z_HILIC-pos"
"HILIC-pos",2.04,454.3509,"","","0.964","HILIC-pos_Cluster_1686","2.02","454.3507725","2.04_454.3509m/z_HILIC-pos"
"HILIC-pos",2.26,302.0522,"","","0.857","HILIC-pos_Cluster_1011","2.21","302.0521498","2.26_302.0522m/z_HILIC-pos"
"HILIC-pos",2.29,110.02,"","","","","","","2.29_110.0200m/z_HILIC-pos"
"HILIC-pos",2.35,285.0495,"","","","","","","2.35_285.0495m/z_HILIC-pos"
"HILIC-pos",2.35,303.06,"","","","","","","2.35_303.0600m/z_HILIC-pos"
"HILIC-pos",2.49,265.1425,"","","","","","","2.49_265.1425m/z_HILIC-pos"
"HILIC-pos",2.55,152.1065,"","","","","","","2.55_152.1065m/z_HILIC-pos"
"HILIC-pos",2.63,571.3719,"","","","","","","2.63_571.3719m/z_HILIC-pos"
"HILIC-pos",2.64,466.351,"","","0.963","HILIC-pos_Cluster_1729","2.62","466.3510897","2.64_466.3510m/z_HILIC-pos"
"HILIC-pos",2.99,246.169,"","","","","","","2.99_246.1690m/z_HILIC-pos"
"HILIC-pos",3.13,121.101,"","","","","","","3.13_121.1010m/z_HILIC-pos"
"HILIC-pos",3.16,431.2751,"","","","","","","3.16_431.2751m/z_HILIC-pos"
"HILIC-pos",3.17,247.1682,"","","","","","","3.17_247.1682m/z_HILIC-pos"
"HILIC-pos",3.17,299.2572,"","","","","","","3.17_299.2572m/z_HILIC-pos"
"HILIC-pos",3.18,357.2685,"","","","","","","3.18_357.2685m/z_HILIC-pos"
"HILIC-pos",3.18,375.2789,"","","","","","","3.18_375.2789m/z_HILIC-pos"
"HILIC-pos",3.18,428.3263,"","","","","","","3.18_428.3263m/z_HILIC-pos"
"HILIC-pos",3.18,456.3574,"","","","","","","3.18_456.3574m/z_HILIC-pos"
"HILIC-pos",3.19,337.2512,"","","0.88","HILIC-pos_Cluster_1217","3.13","337.2509064","3.19_337.2512m/z_HILIC-pos"
"HILIC-pos",3.19,355.2617,"","","0.901","HILIC-pos_Cluster_1295","3.13","355.2611396","3.19_355.2617m/z_HILIC-pos"
"HILIC-pos",3.19,373.2722,"","","0.924","HILIC-pos_Cluster_1378","3.13","373.2721725","3.19_373.2722m/z_HILIC-pos"
"HILIC-pos",3.19,454.3507,"","","0.744","HILIC-pos_Cluster_1685","3.13","454.3505457","3.19_454.3507m/z_HILIC-pos"
"HILIC-pos",3.19,173.132,"","","","","","","3.19_173.1320m/z_HILIC-pos"
"HILIC-pos",3.2,426.3196,"","","0.898","HILIC-pos_Cluster_1584","3.13","426.3191002","3.20_426.3196m/z_HILIC-pos"
"HILIC-pos",3.2,575.3416,"","","0.972","HILIC-pos_Cluster_2020","3.23","575.3413489","3.20_575.3416m/z_HILIC-pos"
"HILIC-pos",3.2,105.0699,"","","","","","","3.20_105.0699m/z_HILIC-pos"
"HILIC-pos",3.2,145.1007,"","","","","","","3.20_145.1007m/z_HILIC-pos"
"HILIC-pos",3.21,447.2488,"","","","","","","3.21_447.2488m/z_HILIC-pos"
"HILIC-pos",3.32,573.3876,"","","0.9","HILIC-pos_Cluster_2017","3.28","573.3872864","3.32_573.3876m/z_HILIC-pos"
"HILIC-pos",3.61,353.2462,"","","","","","","3.61_353.2462m/z_HILIC-pos"
"HILIC-pos",3.66,129.0656,"","","","","","","3.66_129.0656m/z_HILIC-pos"
"HILIC-pos",3.68,147.076,"","","","","","","3.68_147.0760m/z_HILIC-pos"
"HILIC-pos",3.7,247.0705,"","","","","","","3.70_247.0705m/z_HILIC-pos"
"HILIC-pos",3.7,290.0648,"","","","","","","3.70_290.0648m/z_HILIC-pos"
"HILIC-pos",3.75,357.2774,"","","","","","","3.75_357.2774m/z_HILIC-pos"
"HILIC-pos",3.84,190.0493,"","","","","","","3.84_190.0493m/z_HILIC-pos"
"HILIC-pos",3.88,197.055,"","","","","","","3.88_197.0550m/z_HILIC-pos"
"HILIC-pos",3.91,152.0339,"","","0.918","HILIC-pos_Cluster_0179","3.98","152.0338752","3.91_152.0339m/z_HILIC-pos"
"HILIC-pos",3.96,136.0389,"","","0.967","HILIC-pos_Cluster_0102","3.98","136.0389628","3.96_136.0389m/z_HILIC-pos"
"HILIC-pos",3.98,154.0493,"","","0.972","HILIC-pos_Cluster_0193","3.98","154.0493668","3.98_154.0493m/z_HILIC-pos"
"HILIC-pos",3.98,155.0525,"","","","","","","3.98_155.0525m/z_HILIC-pos"
"HILIC-pos",4.12,301.0443,"","","0.949","HILIC-pos_Cluster_1000","4.11","301.0441754","4.12_301.0443m/z_HILIC-pos"
"HILIC-pos",4.16,245.0582,"","","","","","","4.16_245.0582m/z_HILIC-pos"
"HILIC-pos",4.22,315.0598,"","","0.96","HILIC-pos_Cluster_1089","4.2","315.0600201","4.22_315.0598m/z_HILIC-pos"
"HILIC-pos",4.24,100.0775,"","","","","","","4.24_100.0775m/z_HILIC-pos"
"HILIC-pos",4.24,101.0791,"","","","","","","4.24_101.0791m/z_HILIC-pos"
"HILIC-pos",4.24,141.1018,"","","","","","","4.24_141.1018m/z_HILIC-pos"
"HILIC-pos",4.25,100.0758,"","","0.979","HILIC-pos_Cluster_0011","4.25","100.0758719","4.25_100.0758m/z_HILIC-pos"
"HILIC-pos",4.25,100.0744,"","","","","","","4.25_100.0744m/z_HILIC-pos"
"HILIC-pos",4.25,102.0824,"","","","","","","4.25_102.0824m/z_HILIC-pos"
"HILIC-pos",4.26,544.3249,"","","0.931","HILIC-pos_Cluster_1946","4.24","544.3246832","4.26_544.3249m/z_HILIC-pos"
"HILIC-pos",4.26,101.0819,"","","","","","","4.26_101.0819m/z_HILIC-pos"
"HILIC-pos",4.28,472.3404,"","","0.994","HILIC-pos_Cluster_1749","4.31","472.33985","4.28_472.3404m/z_HILIC-pos"
"HILIC-pos",4.29,575.3703,"","","","","","","4.29_575.3703m/z_HILIC-pos"
"HILIC-pos",4.31,490.3508,"","","","","","","4.31_490.3508m/z_HILIC-pos"
"HILIC-pos",4.32,508.3614,"","","0.991","HILIC-pos_Cluster_1853","4.33","508.3608727","4.32_508.3614m/z_HILIC-pos"
"HILIC-pos",4.32,553.419,"","","","","","","4.32_553.4190m/z_HILIC-pos"
"HILIC-pos",4.4,238.0914,"","","","","","","4.40_238.0914m/z_HILIC-pos"
"HILIC-pos",4.46,355.2617,"","","","","","","4.46_355.2617m/z_HILIC-pos"
"HILIC-pos",4.47,373.2722,"","","","","","","4.47_373.2722m/z_HILIC-pos"
"HILIC-pos",4.62,565.1531,"","","","","","","4.62_565.1531m/z_HILIC-pos"
"HILIC-pos",4.66,408.3093,"","","","","","","4.66_408.3093m/z_HILIC-pos"
"HILIC-pos",4.68,372.288,"","","","","","","4.68_372.2880m/z_HILIC-pos"
"HILIC-pos",4.91,136.039,"","","","","","","4.91_136.0390m/z_HILIC-pos"
"HILIC-pos",4.98,159.1123,"","","","","","","4.98_159.1123m/z_HILIC-pos"
"HILIC-pos",5.14,238.0927,"","","","","","","5.14_238.0927m/z_HILIC-pos"
"HILIC-pos",5.27,131.1176,"","","","","","","5.27_131.1176m/z_HILIC-pos"
"HILIC-pos",5.27,155.1174,"","","","","","","5.27_155.1174m/z_HILIC-pos"
"HILIC-pos",5.29,173.128,"","","0.998","HILIC-pos_Cluster_0280","5.29","173.1279079","5.29_173.1280m/z_HILIC-pos"
"HILIC-pos",5.29,174.1312,"","","","","","","5.29_174.1312m/z_HILIC-pos"
"HILIC-pos",5.34,226.0814,"","","","","","","5.34_226.0814m/z_HILIC-pos"
"HILIC-pos",5.54,450.1642,"","","","","","","5.54_450.1642m/z_HILIC-pos"
"HILIC-pos",5.74,261.086,"","","","","","","5.74_261.0860m/z_HILIC-pos"
"HILIC-pos",5.82,444.3088,"","","","","","","5.82_444.3088m/z_HILIC-pos"
"HILIC-pos",5.93,427.2061,"","","","","","","5.93_427.2061m/z_HILIC-pos"
"HILIC-pos",5.96,245.0912,"","","0.986","HILIC-pos_Cluster_0690","5.96","245.0910274","5.96_245.0912m/z_HILIC-pos"
"HILIC-pos",6.11,211.0706,"","","","","","","6.11_211.0706m/z_HILIC-pos"
"HILIC-pos",6.29,265.0881,"","","","","","","6.29_265.0881m/z_HILIC-pos"
"HILIC-pos",6.3,184.0633,"","","0.985","HILIC-pos_Cluster_0342","6.3","184.0633592","6.30_184.0633m/z_HILIC-pos"
"HILIC-pos",6.3,185.0666,"","","","","","","6.30_185.0666m/z_HILIC-pos"
"HILIC-pos",6.3,207.0485,"","","","","","","6.30_207.0485m/z_HILIC-pos"
"HILIC-pos",6.3,229.1209,"","","","","","","6.30_229.1209m/z_HILIC-pos"
"HILIC-pos",6.31,206.0451,"","","0.987","HILIC-pos_Cluster_0460","6.31","206.0449394","6.31_206.0451m/z_HILIC-pos"
"HILIC-pos",6.32,208.0409,"","","","","","","6.32_208.0409m/z_HILIC-pos"
"HILIC-pos",6.4,217.0137,"","","","","","","6.40_217.0137m/z_HILIC-pos"
"HILIC-pos",6.4,219.0119,"","","","","","","6.40_219.0119m/z_HILIC-pos"
"HILIC-pos",6.41,137.0511,"","","","","","","6.41_137.0511m/z_HILIC-pos"
"HILIC-pos",6.42,114.0662,"HMDB00562","creatinine","0.966","HILIC-pos_Cluster_0036","6.42","114.0661538","6.42_114.0662m/z_HILIC-pos"
"HILIC-pos",6.42,136.0477,"","","0.961","HILIC-pos_Cluster_0103","6.43","136.0476088","6.42_136.0477m/z_HILIC-pos"
"HILIC-pos",6.42,249.106,"","","0.932","HILIC-pos_Cluster_0716","6.42","249.1056396","6.42_249.1060m/z_HILIC-pos"
"HILIC-pos",6.42,115.0694,"","","","","","","6.42_115.0694m/z_HILIC-pos"
"HILIC-pos",6.43,177.0741,"","","","","","","6.43_177.0741m/z_HILIC-pos"
"HILIC-pos",6.48,146.0919,"","","","","","","6.48_146.0919m/z_HILIC-pos"
"HILIC-pos",6.49,426.356,"HMDB05065","C18:1 carnitine","0.998","HILIC-pos_Cluster_1586","6.48","426.3558757","6.49_426.3560m/z_HILIC-pos"
"HILIC-pos",6.49,147.0952,"","","","","","","6.49_147.0952m/z_HILIC-pos"
"HILIC-pos",6.53,424.3404,"HMDB06469","C18:2 carnitine","0.999","HILIC-pos_Cluster_1580","6.52","424.340387","6.53_424.3404m/z_HILIC-pos"
"HILIC-pos",6.54,446.322,"","","","","","","6.54_446.3220m/z_HILIC-pos"
"HILIC-pos",6.56,386.3249,"","","","","","","6.56_386.3249m/z_HILIC-pos"
"HILIC-pos",6.57,400.3405,"HMDB00222","C16 carnitine","0.998","HILIC-pos_Cluster_1486","6.56","400.3403104","6.57_400.3405m/z_HILIC-pos"
"HILIC-pos",6.57,422.3228,"","","","","","","6.57_422.3228m/z_HILIC-pos"
"HILIC-pos",6.59,398.3248,"","","0.998","HILIC-pos_Cluster_1477","6.58","398.324667","6.59_398.3248m/z_HILIC-pos"
"HILIC-pos",6.6,229.1303,"","","","","","","6.60_229.1303m/z_HILIC-pos"
"HILIC-pos",6.61,207.1485,"","","","","","","6.61_207.1485m/z_HILIC-pos"
"HILIC-pos",6.63,386.3248,"","","","","","","6.63_386.3248m/z_HILIC-pos"
"HILIC-pos",6.69,372.3093,"HMDB05066","C14 carnitine","0.998","HILIC-pos_Cluster_1374","6.68","372.3090379","6.69_372.3093m/z_HILIC-pos"
"HILIC-pos",6.85,173.1643,"","","0.989","HILIC-pos_Cluster_0283","6.85","173.1643114","6.85_173.1643m/z_HILIC-pos"
"HILIC-pos",6.85,156.1378,"","","","","","","6.85_156.1378m/z_HILIC-pos"
"HILIC-pos",6.85,195.1462,"","","","","","","6.85_195.1462m/z_HILIC-pos"
"HILIC-pos",6.96,442.3506,"HMDB13339","C18:1-OH carnitine","","","","","6.96_442.3506m/z_HILIC-pos"
"HILIC-pos",7.09,202.0679,"","","","","","","7.09_202.0679m/z_HILIC-pos"
"HILIC-pos",7.17,181.1305,"","","0.991","HILIC-pos_Cluster_0327","7.16","181.1305096","7.17_181.1305m/z_HILIC-pos"
"HILIC-pos",7.17,142.1222,"","","","","","","7.17_142.1222m/z_HILIC-pos"
"HILIC-pos",7.42,292.1014,"","","","","","","7.42_292.1014m/z_HILIC-pos"
"HILIC-pos",7.44,130.086,"","","","","","","7.44_130.0860m/z_HILIC-pos"
"HILIC-pos",7.46,128.1068,"","","0.993","HILIC-pos_Cluster_0071","7.46","128.1068477","7.46_128.1068m/z_HILIC-pos"
"HILIC-pos",7.46,145.133,"","","0.994","HILIC-pos_Cluster_0142","7.46","145.1329994","7.46_145.1330m/z_HILIC-pos"
"HILIC-pos",7.46,167.115,"","","0.985","HILIC-pos_Cluster_0255","7.45","167.1148376","7.46_167.1150m/z_HILIC-pos"
"HILIC-pos",7.46,129.1101,"","","","","","","7.46_129.1101m/z_HILIC-pos"
"HILIC-pos",7.46,146.1364,"","","","","","","7.46_146.1364m/z_HILIC-pos"
"HILIC-pos",7.52,167.1174,"","","","","","","7.52_167.1174m/z_HILIC-pos"
"HILIC-pos",7.72,104.0707,"HMDB01906","aminoisobutyric acid","","","","","TF8_HILIC-pos"
"HILIC-pos",7.72,86.0604,"","","","","","","7.72_86.0604m/z_HILIC-pos"
"HILIC-pos",7.81,153.0994,"","","","","","","7.81_153.0994m/z_HILIC-pos"
"HILIC-pos",7.82,72.0449,"","","","","","","7.82_72.0449m/z_HILIC-pos"
"HILIC-pos",7.83,114.0913,"HMDB02064","N-acetylputrescine","0.992","HILIC-pos_Cluster_0038","7.83","114.0912894","7.83_114.0913m/z_HILIC-pos"
"HILIC-pos",7.83,131.1176,"HMDB02064","N-acetylputrescine","0.992","HILIC-pos_Cluster_0086","7.83","131.1175604","7.83_131.1176m/z_HILIC-pos"
"HILIC-pos",7.83,115.0946,"","","","","","","7.83_115.0946m/z_HILIC-pos"
"HILIC-pos",7.83,132.1209,"","","","","","","7.83_132.1209m/z_HILIC-pos"
"HILIC-pos",7.84,132.1236,"","","","","","","7.84_132.1236m/z_HILIC-pos"
"HILIC-pos",7.85,118.061,"","","","","","","7.85_118.0610m/z_HILIC-pos"
"HILIC-pos",7.85,73.0846,"","","","","","","7.85_73.0846m/z_HILIC-pos"
"HILIC-pos",7.93,257.1849,"","","","","","","7.93_257.1849m/z_HILIC-pos"
"HILIC-pos",7.94,231.1696,"","","","","","","7.94_231.1696m/z_HILIC-pos"
"HILIC-pos",7.98,128.1068,"","","","","","","7.98_128.1068m/z_HILIC-pos"
"HILIC-pos",8.3,132.0765,"HMDB00064","creatine","0.982","HILIC-pos_Cluster_0090","8.3","132.0763302","8.30_132.0765m/z_HILIC-pos"
"HILIC-pos",8.3,133.0797,"","","","","","","8.30_133.0797m/z_HILIC-pos"
"HILIC-pos",8.3,154.0583,"","","","","","","8.30_154.0583m/z_HILIC-pos"
"HILIC-pos",8.76,142.086,"","","","","","","8.76_142.0860m/z_HILIC-pos"
"HILIC-pos",8.77,229.1287,"","","0.873","HILIC-pos_Cluster_0607","8.78","229.1285391","8.77_229.1287m/z_HILIC-pos"
"HILIC-pos",8.92,317.1444,"","","","","","","8.92_317.1444m/z_HILIC-pos"
"HILIC-pos",8.94,259.139,"","","","","","","8.94_259.1390m/z_HILIC-pos"
"HILIC-pos",9.24,216.1416,"","","","","","","9.24_216.1416m/z_HILIC-pos"
"HILIC-pos",9.27,215.1382,"","","0.981","HILIC-pos_Cluster_0513","9.3","215.1381768","9.27_215.1382m/z_HILIC-pos"
"HILIC-pos",9.31,236.1484,"","","0.995","HILIC-pos_Cluster_0634","9.28","236.1484508","9.31_236.1484m/z_HILIC-pos"
"HILIC-pos",9.36,189.1228,"","","0.986","HILIC-pos_Cluster_0376","9.35","189.1228899","9.36_189.1228m/z_HILIC-pos"
"HILIC-pos",9.37,130.0496,"","","","","","","9.37_130.0496m/z_HILIC-pos"
"HILIC-pos",9.39,229.1538,"","","0.992","HILIC-pos_Cluster_0611","9.4","229.153842","9.39_229.1538m/z_HILIC-pos"
"HILIC-pos",9.39,230.1571,"","","","","","","9.39_230.1571m/z_HILIC-pos"
"HILIC-pos",9.44,248.1119,"HMDB02095","C3-DC carnitine","","","","","9.44_248.1119m/z_HILIC-pos"
"HILIC-pos",9.81,241.1537,"","","","","","","9.81_241.1537m/z_HILIC-pos"
"HILIC-pos",9.88,301.2586,"","","","","","","9.88_301.2586m/z_HILIC-pos"
"HILIC-pos",10.13,215.1383,"","","","","","","10.13_215.1383m/z_HILIC-pos"
"HILIC-pos",10.16,287.243,"HMDB41876","diacetylspermine","0.986","HILIC-pos_Cluster_0936","10.2","287.2429381","10.16_287.2430m/z_HILIC-pos"
"HILIC-pos",10.16,144.1253,"","","","","","","10.16_144.1253m/z_HILIC-pos"
"HILIC-pos",10.16,288.2464,"","","","","","","10.16_288.2464m/z_HILIC-pos"
"HILIC-pos",10.2,229.1538,"","","0.992","HILIC-pos_Cluster_0612","10.2","229.1536476","10.20_229.1538m/z_HILIC-pos"
"HILIC-pos",10.2,230.1571,"","","","","","","10.20_230.1571m/z_HILIC-pos"
"HILIC-pos",10.38,224.0111,"","","","","","","10.38_224.0111m/z_HILIC-pos"
"HILIC-pos",10.81,224.0112,"","","","","","","10.81_224.0112m/z_HILIC-pos"
